<?xml version="1.0" encoding="UTF-8"?>
<!--
 This is a WordPress eXtended RSS file generated by WordPress as an export of your site.
 It contains information about your site's posts, pages, comments, categories, and other content.
 You may use this file to transfer that content from one site to another.
 This file is not intended to serve as a complete backup of your site.

 To import this information into a WordPress site follow these steps:
 1. Log in to that site as an administrator.
 2. Go to Tools: Import in the WordPress admin panel.
 3. Install the "WordPress" importer from the list.
 4. Activate & Run Importer.
 5. Upload this file using the form provided on that page.
 6. You will first be asked to map the authors in this export file to users
    on the site. For each author, you may choose to map to an
    existing user on the site or to create a new user.
 7. WordPress will then import each of the posts, pages, comments, categories, etc.
    contained in this file into your site.
-->
<!-- generator="WordPress.com" created="2024-03-28 21:14"-->
<rss version="2.0" xmlns:excerpt="http://wordpress.org/export/1.2/excerpt/" xmlns:content="http://purl.org/rss/1.0/modules/content/" xmlns:wfw="http://wellformedweb.org/CommentAPI/" xmlns:dc="http://purl.org/dc/elements/1.1/" xmlns:wp="http://wordpress.org/export/1.2/">
  <channel>
<title>SparkWarden</title>
<link>https://sparkwarden.wordpress.com</link>
<description>Poetry by Gary D. Smith</description>
<pubDate>Thu, 28 Mar 2024 21:14:07 +0000</pubDate>
<language>en</language>
<wp:wxr_version>1.2</wp:wxr_version>
<wp:base_site_url>http://wordpress.com/</wp:base_site_url>
<wp:base_blog_url>https://sparkwarden.wordpress.com</wp:base_blog_url>
<wp:author>
  <wp:author_id>103527308</wp:author_id>
  <wp:author_login>sparkwarden</wp:author_login>
  <wp:author_email>gstechbard@outlook.com</wp:author_email>
  <wp:author_display_name><![CDATA[Gary D. Smith]]></wp:author_display_name>
  <wp:author_first_name><![CDATA[Gary]]></wp:author_first_name>
  <wp:author_last_name><![CDATA[Smith]]></wp:author_last_name>
</wp:author>
<wp:term>
  <wp:term_id>683524631</wp:term_id>
  <wp:term_taxonomy>nav_menu</wp:term_taxonomy>
  <wp:term_slug>main</wp:term_slug>
  <wp:term_name><![CDATA[Main]]></wp:term_name>
</wp:term>
<generator>http://wordpress.com/</generator>

<image>
	<url>https://sparkwarden.files.wordpress.com/2019/04/cropped-ad2c9b68-bc15-4853-8877-7b681a293cc7-3.jpg?w=32</url>
	<title>SparkWarden</title>
	<link>https://sparkwarden.wordpress.com</link>
	<width>32</width>
	<height>32</height>
</image> 
<item>
  <title><![CDATA[Dove Hunting]]></title>
  <link>https://sparkwarden.wordpress.com/2019/07/18/dove-hunting/</link>
  <pubDate>Thu, 18 Jul 2019 21:21:15 +0000</pubDate>
  <dc:creator>sparkwarden</dc:creator>
  <guid isPermaLink="false">https://sparkwarden.wordpress.com/2019/07/18/dove-hunting/</guid>
  <description/>
  <content:encoded><![CDATA[<!-- wp:paragraph -->
<p>She lay in his hands like a huge<br>white heart, pumping fear —<br>her wet wings and plumage<br>gauzed over tenuous bone,<br>eyes tipped with alarm.</p>
<!-- /wp:paragraph -->

<!-- wp:paragraph -->
<p>The dog had somehow delivered her<br>undamaged, neither clipped nor cleaved,<br>and all inspection revealed nothing.<br>So the man removed his grasp,</p>
<!-- /wp:paragraph -->

<!-- wp:paragraph -->
<p>And she stayed<br>in his cupped hands,<br>her eyes darting, watching him<br>waiting for the question,<br>and its answer.</p>
<!-- /wp:paragraph -->

<!-- wp:paragraph -->
<p>She turreted her head,<br>having heard the sharp breaths<br>of the dog, its paws crunching<br>on the dirty snow-pack, as it too waited<br>for the master's question<br>and its answer.</p>
<!-- /wp:paragraph -->

<!-- wp:paragraph -->
<p>The man gazed up to sky<br>as if the answer lived there,<br>but no souls above freezing<br>lived there, and his eyes swam<br>with storms.</p>
<!-- /wp:paragraph -->

<!-- wp:paragraph -->
<p>The answer came, but not the one<br>he expected. She lifted —<br>blowing down into his hair,<br>talons two small pecks jumping off.<br>He laughed, his dog barking into the canopy.</p>
<!-- /wp:paragraph -->

<!-- wp:paragraph -->
<p>Originally Published in <a href="https://www.threecandles.org/archive/gsmith.html" target="_blank" rel="noreferrer noopener" aria-label="Three Candles Journal (opens in a new tab)">Three Candles Journal </a></p>
<!-- /wp:paragraph -->]]></content:encoded>
  <excerpt:encoded><![CDATA[]]></excerpt:encoded>
  <wp:post_id>903</wp:post_id>
  <wp:post_date>2019-07-18 14:21:15</wp:post_date>
  <wp:post_date_gmt>2019-07-18 21:21:15</wp:post_date_gmt>
  <wp:post_modified>2022-07-11 09:33:59</wp:post_modified>
  <wp:post_modified_gmt>2022-07-11 16:33:59</wp:post_modified_gmt>
  <wp:comment_status>open</wp:comment_status>
  <wp:ping_status>open</wp:ping_status>
  <wp:post_name>dove-hunting</wp:post_name>
  <wp:status>publish</wp:status>
  <wp:post_parent>0</wp:post_parent>
  <wp:menu_order>0</wp:menu_order>
  <wp:post_type>post</wp:post_type>
  <wp:post_password/>
  <wp:is_sticky>0</wp:is_sticky>
  <category domain="post_tag" nicename="between-bridges"><![CDATA[Between Bridges]]></category>
  <category domain="post_tag" nicename="hunting"><![CDATA[Hunting]]></category>
  <category domain="post_tag" nicename="nature"><![CDATA[Nature]]></category>
  <category domain="category" nicename="poetry"><![CDATA[Poetry]]></category>
  <category domain="category" nicename="revised"><![CDATA[Revised]]></category>
  <category domain="post_tag" nicename="youth"><![CDATA[Youth]]></category>
  <wp:postmeta>
    <wp:meta_key>_last_editor_used_jetpack</wp:meta_key>
    <wp:meta_value><![CDATA[block-editor]]></wp:meta_value>
  </wp:postmeta>
  <wp:postmeta>
    <wp:meta_key>_rest_api_published</wp:meta_key>
    <wp:meta_value><![CDATA[1]]></wp:meta_value>
  </wp:postmeta>
  <wp:postmeta>
    <wp:meta_key>timeline_notification</wp:meta_key>
    <wp:meta_value><![CDATA[1563484879]]></wp:meta_value>
  </wp:postmeta>
  <wp:postmeta>
    <wp:meta_key>_rest_api_client_id</wp:meta_key>
    <wp:meta_value><![CDATA[11]]></wp:meta_value>
  </wp:postmeta>
  <wp:postmeta>
    <wp:meta_key>_publicize_job_id</wp:meta_key>
    <wp:meta_value><![CDATA[33013158028]]></wp:meta_value>
  </wp:postmeta>
</item>
<item>
  <title><![CDATA[Firenze]]></title>
  <link>https://sparkwarden.wordpress.com/2019/07/18/firenze/</link>
  <pubDate>Thu, 18 Jul 2019 21:25:53 +0000</pubDate>
  <dc:creator>sparkwarden</dc:creator>
  <guid isPermaLink="false">https://sparkwarden.wordpress.com/2019/07/18/firenze/</guid>
  <description/>
  <content:encoded><![CDATA[I found the streets, loggias, and courtyards,
that led to that beaconing point
where the eye is drawn,
the cupola of Bruneleschi's Santa Maria del Fiore.

There are no prayers to hold up that dome,
and though the prophets preside on the cathedral walls,
the heart forgets, and the stone
enthrones only the forgetful.

Have we seen Ghiberti's&nbsp;Gates of Paradise,
whose meaning we ignore, and the crowds pass,
the sea under the bridges pass,
the clouds over the folded roofs pass?

We ask no questions, just observe
the passage of heads above shoulders,
faces pointed downwards, under tilted hats,
people passing their shadows on the way to death.

Originally Published in <a rel="noreferrer noopener" aria-label="Three Candles Journal (opens in a new tab)" href="https://www.threecandles.org/archive/gsmith.html" target="_blank">Three Candles Journal </a>]]></content:encoded>
  <excerpt:encoded><![CDATA[]]></excerpt:encoded>
  <wp:post_id>905</wp:post_id>
  <wp:post_date>2019-07-18 14:25:53</wp:post_date>
  <wp:post_date_gmt>2019-07-18 21:25:53</wp:post_date_gmt>
  <wp:post_modified>2021-10-31 23:05:05</wp:post_modified>
  <wp:post_modified_gmt>2021-11-01 06:05:05</wp:post_modified_gmt>
  <wp:comment_status>open</wp:comment_status>
  <wp:ping_status>open</wp:ping_status>
  <wp:post_name>firenze</wp:post_name>
  <wp:status>publish</wp:status>
  <wp:post_parent>0</wp:post_parent>
  <wp:menu_order>0</wp:menu_order>
  <wp:post_type>post</wp:post_type>
  <wp:post_password/>
  <wp:is_sticky>0</wp:is_sticky>
  <category domain="post_tag" nicename="between-bridges"><![CDATA[Between Bridges]]></category>
  <category domain="post_tag" nicename="florence"><![CDATA[Florence]]></category>
  <category domain="post_tag" nicename="italy"><![CDATA[Italy]]></category>
  <category domain="category" nicename="poetry"><![CDATA[Poetry]]></category>
  <category domain="category" nicename="published"><![CDATA[Published]]></category>
  <category domain="post_tag" nicename="travel"><![CDATA[Travel]]></category>
  <wp:postmeta>
    <wp:meta_key>timeline_notification</wp:meta_key>
    <wp:meta_value><![CDATA[1563485157]]></wp:meta_value>
  </wp:postmeta>
  <wp:postmeta>
    <wp:meta_key>_rest_api_published</wp:meta_key>
    <wp:meta_value><![CDATA[1]]></wp:meta_value>
  </wp:postmeta>
  <wp:postmeta>
    <wp:meta_key>_rest_api_client_id</wp:meta_key>
    <wp:meta_value><![CDATA[11]]></wp:meta_value>
  </wp:postmeta>
  <wp:postmeta>
    <wp:meta_key>_publicize_job_id</wp:meta_key>
    <wp:meta_value><![CDATA[33013276346]]></wp:meta_value>
  </wp:postmeta>
</item>
<item>
  <title><![CDATA[River Canto]]></title>
  <link>https://sparkwarden.wordpress.com/2019/07/18/river-canto/</link>
  <pubDate>Thu, 18 Jul 2019 21:32:54 +0000</pubDate>
  <dc:creator>sparkwarden</dc:creator>
  <guid isPermaLink="false">https://sparkwarden.wordpress.com/2019/07/18/river-canto/</guid>
  <description/>
  <content:encoded><![CDATA[1

A canto for my childhood
The names we gave to all the
Stars in heaven’s icy pond
As with all good things on earth
Our parents named for us and
Our children and their children's children
Remain abundant, as trees beside the
Mouths of rivers turning in the land
Shall we agree,
Beneath a rotten tree
Lies the answer to all needs.

2

Bloom on rock
Helmet leaves
Rivers flashing foam,
Occasionally a trout
Crossing deer belong
As much to the rising of their blood,
As the woods resign themselves
To the slow design of loam.]]></content:encoded>
  <excerpt:encoded><![CDATA[]]></excerpt:encoded>
  <wp:post_id>906</wp:post_id>
  <wp:post_date>2019-07-18 14:32:54</wp:post_date>
  <wp:post_date_gmt>2019-07-18 21:32:54</wp:post_date_gmt>
  <wp:post_modified>2020-09-14 18:30:45</wp:post_modified>
  <wp:post_modified_gmt>2020-09-15 01:30:45</wp:post_modified_gmt>
  <wp:comment_status>open</wp:comment_status>
  <wp:ping_status>open</wp:ping_status>
  <wp:post_name>river-canto</wp:post_name>
  <wp:status>publish</wp:status>
  <wp:post_parent>0</wp:post_parent>
  <wp:menu_order>0</wp:menu_order>
  <wp:post_type>post</wp:post_type>
  <wp:post_password/>
  <wp:is_sticky>0</wp:is_sticky>
  <category domain="post_tag" nicename="family"><![CDATA[Family]]></category>
  <category domain="post_tag" nicename="fishing"><![CDATA[Fishing]]></category>
  <category domain="category" nicename="poetry"><![CDATA[Poetry]]></category>
  <category domain="post_tag" nicename="spirituality"><![CDATA[Spirituality]]></category>
  <wp:postmeta>
    <wp:meta_key>timeline_notification</wp:meta_key>
    <wp:meta_value><![CDATA[1563485580]]></wp:meta_value>
  </wp:postmeta>
  <wp:postmeta>
    <wp:meta_key>_rest_api_published</wp:meta_key>
    <wp:meta_value><![CDATA[1]]></wp:meta_value>
  </wp:postmeta>
  <wp:postmeta>
    <wp:meta_key>_rest_api_client_id</wp:meta_key>
    <wp:meta_value><![CDATA[11]]></wp:meta_value>
  </wp:postmeta>
  <wp:postmeta>
    <wp:meta_key>_publicize_job_id</wp:meta_key>
    <wp:meta_value><![CDATA[33013455299]]></wp:meta_value>
  </wp:postmeta>
  <wp:postmeta>
    <wp:meta_key>_thumbnail_id</wp:meta_key>
    <wp:meta_value><![CDATA[273]]></wp:meta_value>
  </wp:postmeta>
  <wp:postmeta>
    <wp:meta_key>_last_editor_used_jetpack</wp:meta_key>
    <wp:meta_value><![CDATA[block-editor]]></wp:meta_value>
  </wp:postmeta>
</item>
<item>
  <title><![CDATA[The Breakwater]]></title>
  <link>https://sparkwarden.wordpress.com/2019/07/18/the-breakwater/</link>
  <pubDate>Thu, 18 Jul 2019 21:45:49 +0000</pubDate>
  <dc:creator>sparkwarden</dc:creator>
  <guid isPermaLink="false">https://sparkwarden.wordpress.com/?p=908</guid>
  <description/>
  <content:encoded><![CDATA[<!-- wp:paragraph -->
<p>Thunder cleaves<br>
the chambered tide<br>
Many waved and<br>
Trembling it breaks.<br>
<br>
Chaperoned by death<br>
Holding our breath<br>
We run the rip rap<br>
Never looking back.<br>
<br>
The ice hammered wind<br>
Plucks rightful terror<br>
From our blood and bids<br>
us never leave.<br>
<br>
We’re heading home now<br>
Storm or seiche sent waves<br>
Pound the point, let someone<br>
Else somersault with Death.</p>
<!-- /wp:paragraph -->]]></content:encoded>
  <excerpt:encoded><![CDATA[]]></excerpt:encoded>
  <wp:post_id>908</wp:post_id>
  <wp:post_date>2019-07-18 14:45:49</wp:post_date>
  <wp:post_date_gmt>2019-07-18 21:45:49</wp:post_date_gmt>
  <wp:post_modified>2020-09-14 18:29:46</wp:post_modified>
  <wp:post_modified_gmt>2020-09-15 01:29:46</wp:post_modified_gmt>
  <wp:comment_status>open</wp:comment_status>
  <wp:ping_status>open</wp:ping_status>
  <wp:post_name>the-breakwater</wp:post_name>
  <wp:status>publish</wp:status>
  <wp:post_parent>0</wp:post_parent>
  <wp:menu_order>0</wp:menu_order>
  <wp:post_type>post</wp:post_type>
  <wp:post_password/>
  <wp:is_sticky>0</wp:is_sticky>
  <category domain="post_tag" nicename="danger"><![CDATA[Danger]]></category>
  <category domain="post_tag" nicename="michigan"><![CDATA[Michigan]]></category>
  <category domain="post_tag" nicename="nature"><![CDATA[Nature]]></category>
  <category domain="category" nicename="poetry"><![CDATA[Poetry]]></category>
  <wp:postmeta>
    <wp:meta_key>_publicize_job_id</wp:meta_key>
    <wp:meta_value><![CDATA[33013809565]]></wp:meta_value>
  </wp:postmeta>
  <wp:postmeta>
    <wp:meta_key>timeline_notification</wp:meta_key>
    <wp:meta_value><![CDATA[1563486352]]></wp:meta_value>
  </wp:postmeta>
  <wp:postmeta>
    <wp:meta_key>_thumbnail_id</wp:meta_key>
    <wp:meta_value><![CDATA[711]]></wp:meta_value>
  </wp:postmeta>
</item>
<item>
  <title><![CDATA[2018-06-22 14.10.55]]></title>
  <link>https://sparkwarden.wordpress.com/2019/08/07/dandelion-wine-vintage-1928-a-tribute-to-ray-bradbury/2018-06-22-14-10-55-2/</link>
  <pubDate>Thu, 08 Aug 2019 00:51:17 +0000</pubDate>
  <dc:creator>sparkwarden</dc:creator>
  <guid isPermaLink="false">http://sparkwarden.files.wordpress.com/2019/08/2018-06-22-14.10.55-1.jpg</guid>
  <description/>
  <content:encoded><![CDATA[]]></content:encoded>
  <excerpt:encoded><![CDATA[]]></excerpt:encoded>
  <wp:post_id>1047</wp:post_id>
  <wp:post_date>2019-08-07 17:51:17</wp:post_date>
  <wp:post_date_gmt>2019-08-08 00:51:17</wp:post_date_gmt>
  <wp:post_modified>2019-08-07 17:51:33</wp:post_modified>
  <wp:post_modified_gmt>2019-08-08 00:51:33</wp:post_modified_gmt>
  <wp:comment_status>open</wp:comment_status>
  <wp:ping_status>closed</wp:ping_status>
  <wp:post_name>2018-06-22-14-10-55-2</wp:post_name>
  <wp:status>inherit</wp:status>
  <wp:post_parent>1048</wp:post_parent>
  <wp:menu_order>0</wp:menu_order>
  <wp:post_type>attachment</wp:post_type>
  <wp:post_password/>
  <wp:is_sticky>0</wp:is_sticky>
  <wp:attachment_url>https://sparkwarden.files.wordpress.com/2019/08/2018-06-22-14.10.55-1.jpg</wp:attachment_url>
  <wp:postmeta>
    <wp:meta_key>_wp_attachment_metadata</wp:meta_key>
    <wp:meta_value><![CDATA[a:6:{s:5:"width";i:1024;s:6:"height";i:640;s:4:"file";s:98:"/home/wpcom/public_html/wp-content/blogs.dir/446/148081618/files/2019/08/2018-06-22-14.10.55-1.jpg";s:5:"sizes";a:0:{}s:10:"image_meta";a:12:{s:8:"aperture";s:1:"0";s:6:"credit";s:0:"";s:6:"camera";s:0:"";s:7:"caption";s:0:"";s:17:"created_timestamp";s:1:"0";s:9:"copyright";s:0:"";s:12:"focal_length";s:1:"0";s:3:"iso";s:1:"0";s:13:"shutter_speed";s:1:"0";s:5:"title";s:0:"";s:11:"orientation";s:1:"0";s:8:"keywords";a:0:{}}s:8:"filesize";i:87778;}]]></wp:meta_value>
  </wp:postmeta>
  <wp:postmeta>
    <wp:meta_key>_wp_attached_file</wp:meta_key>
    <wp:meta_value><![CDATA[/home/wpcom/public_html/wp-content/blogs.dir/446/148081618/files/2019/08/2018-06-22-14.10.55-1.jpg]]></wp:meta_value>
  </wp:postmeta>
  <wp:postmeta>
    <wp:meta_key>_wp_attachment_image_alt</wp:meta_key>
    <wp:meta_value><![CDATA[]]></wp:meta_value>
  </wp:postmeta>
</item>
<item>
  <title><![CDATA[Vintage 1928 - A Tribute to Ray Bradbury]]></title>
  <link>https://sparkwarden.wordpress.com/2019/08/07/dandelion-wine-vintage-1928-a-tribute-to-ray-bradbury/</link>
  <pubDate>Thu, 08 Aug 2019 00:51:29 +0000</pubDate>
  <dc:creator>sparkwarden</dc:creator>
  <guid isPermaLink="false">https://sparkwarden.wordpress.com/2019/08/07/dandelion-wine-vintage-1928-a-tribute-to-ray-bradbury/</guid>
  <description/>
  <content:encoded><![CDATA[<!-- wp:paragraph -->
<p>Dear God could it be? Douglas dusted off the bottle that had rested in a cobwebbed shadow of his father’s cellar for how many winters now? He couldn’t hardly believe it. 1928! He looked across the room and met the sparkle in his wife’s eyes. They were both smiling. How many times had he told her the story? All those boyhood fables of summer. This bottle summed it all up. So, should we drink a glass, he wondered?</p>
<!-- /wp:paragraph -->

<!-- wp:paragraph -->
<p>In 1928 summer had arrived in Green Town and Douglas Spaulding was alive! Alive and awake in his upstairs bedroom it dawned on him. A year had passed since he’d picked fox grapes and dandelions. An eternity!</p>
<!-- /wp:paragraph -->

<!-- wp:paragraph -->
<p>A summer for sprinting sidewalks. While his old sneakers barely cleared hedge tops, he’d soon earn enough with his brand new tennis shoes to hop tree roots, curbs, leap crosswalks, climb trails, fields and woods!</p>
<!-- /wp:paragraph -->

<!-- wp:paragraph -->
<p>A summer for rituals. He and his friends gathered at the lake. If fish didn’t bite, they skipped stones. “Measure with yer eye ‘n’ let ’em fly. Winners drink yer ginger beers!”</p>
<!-- /wp:paragraph -->

<!-- wp:paragraph -->
<p>A summer for celebrations. After supper, chatter! Endless, chatter! Dusk on lemonade cooling porches of July 4th he and Grandpa launched the famous fire balloons. They glimmered briefly o’er the town, bloomed into miniature meteors, and drifted dead into the star flecked lake. Douglas climbed the nearest, tallest hill and fiercely wished his words could turn to wine.</p>
<!-- /wp:paragraph -->

<!-- wp:paragraph -->
<p>A summer for statistics. Each night he counted. Five billion tree shadows! Twelve trillion odd mosquitoes breeding in rain barrels. A hundred million more, deep in the maw of The Ravine! Sand grains in Quintillions! One Zillion stars in heaven’s vault!</p>
<!-- /wp:paragraph -->

<!-- wp:paragraph -->
<p>A summer for scares, and dares. Moms and dads, and grandparents on the porches, trading gossip with the neighbors. Rounding corners, sweethearts drifted through the warm leafy dark. Near the alley by the Ravine a policeman lit a cigarette. The Lonely One’s Ravine. His parents warned him to walk in groups, especially after dark. And never, ever go near the Ravine, even in daytime!</p>
<!-- /wp:paragraph -->

<!-- wp:paragraph -->
<p>A summer for dandelions, and dandelion wine. Douglas, his brother Tom, and Father harvested dandelions from lawns, parks, and meadows. Douglas carried them by the sackful to the ancient cellar wine press. There in the damp dark Grandpa coaxed magic from the baleful machine. Grandpa fussed until midnight but Doug couldn’t sleep. Creeping down the topmost steps, to where the cellar shelves bulged with mason jars, he saw bottles newly corked. They weirdly glowed from inside. Perchance Grandpa stuck some fireflies in some of them jars. Douglas squinted, yawned and crawled back upstairs.</p>
<!-- /wp:paragraph -->

<!-- wp:paragraph -->
<p>A vintage summer. He dreamed a billion years buzzed his ears. He smiled, remembered how, as a boy, his Father saw hummingbirds and bumblebees drink communion wine from identical blossoms, thinking them bees from different families beneath the same cathedral.</p>
<!-- /wp:paragraph -->

<!-- wp:paragraph -->
<p>1928 had surely been a vintage summer for Douglas Spaulding. For Grandpa’s batch of Dandelion Wine, it was a dandy summer! I know, because I tasted the story!</p>
<!-- /wp:paragraph -->]]></content:encoded>
  <excerpt:encoded><![CDATA[]]></excerpt:encoded>
  <wp:post_id>1048</wp:post_id>
  <wp:post_date>2019-08-07 17:51:29</wp:post_date>
  <wp:post_date_gmt>2019-08-08 00:51:29</wp:post_date_gmt>
  <wp:post_modified>2022-07-29 21:53:13</wp:post_modified>
  <wp:post_modified_gmt>2022-07-30 04:53:13</wp:post_modified_gmt>
  <wp:comment_status>open</wp:comment_status>
  <wp:ping_status>open</wp:ping_status>
  <wp:post_name>dandelion-wine-vintage-1928-a-tribute-to-ray-bradbury</wp:post_name>
  <wp:status>publish</wp:status>
  <wp:post_parent>0</wp:post_parent>
  <wp:menu_order>0</wp:menu_order>
  <wp:post_type>post</wp:post_type>
  <wp:post_password/>
  <wp:is_sticky>0</wp:is_sticky>
  <category domain="post_tag" nicename="death"><![CDATA[Death]]></category>
  <category domain="post_tag" nicename="family"><![CDATA[Family]]></category>
  <category domain="post_tag" nicename="fantasy"><![CDATA[Fantasy]]></category>
  <category domain="post_tag" nicename="friendship"><![CDATA[Friendship]]></category>
  <category domain="post_tag" nicename="nostalgia"><![CDATA[Nostalgia]]></category>
  <category domain="post_tag" nicename="ray-bradbury"><![CDATA[Ray Bradbury]]></category>
  <category domain="category" nicename="revised"><![CDATA[Revised]]></category>
  <category domain="category" nicename="short-fiction"><![CDATA[Short Fiction]]></category>
  <wp:postmeta>
    <wp:meta_key>_publicize_job_id</wp:meta_key>
    <wp:meta_value><![CDATA[33791069651]]></wp:meta_value>
  </wp:postmeta>
  <wp:postmeta>
    <wp:meta_key>_thumbnail_id</wp:meta_key>
    <wp:meta_value><![CDATA[1047]]></wp:meta_value>
  </wp:postmeta>
  <wp:postmeta>
    <wp:meta_key>timeline_notification</wp:meta_key>
    <wp:meta_value><![CDATA[1565225738]]></wp:meta_value>
  </wp:postmeta>
  <wp:postmeta>
    <wp:meta_key>_oembed_305a682843b12a438ed74f5ac9f6d00b</wp:meta_key>
    <wp:meta_value><![CDATA[{{unknown}}]]></wp:meta_value>
  </wp:postmeta>
  <wp:postmeta>
    <wp:meta_key>_last_editor_used_jetpack</wp:meta_key>
    <wp:meta_value><![CDATA[block-editor]]></wp:meta_value>
  </wp:postmeta>
</item>
<item>
  <title><![CDATA[Dithyrambs]]></title>
  <link>https://sparkwarden.wordpress.com/2019/08/28/dithyrambs/</link>
  <pubDate>Thu, 29 Aug 2019 02:43:22 +0000</pubDate>
  <dc:creator>sparkwarden</dc:creator>
  <guid isPermaLink="false">https://sparkwarden.wordpress.com/2019/08/28/dithyrambs/</guid>
  <description/>
  <content:encoded><![CDATA[There is a price to
not remembering—the world
will vanish, and the fields you walked,
the sky near lakes
and streams that flood you
hold their hungers in your veins.

That you would follow me
through slope and swale,
there are murders in the back of cars,
and cars are rotting in the clover
underneath the broadleafs, and footsteps
in the deadfalls that are not my own.

The air in waves folds clouds blue
before me, sunlight piling
in the distance dreams the hills a
certainty of form they cannot give,
we follow anyway.

The price is heavier for us
looking on the fall of fretting water
tea-colored from the stain of
leaves that spin and drift and
drown and leech their resins and their
fire into the riverbeds.]]></content:encoded>
  <excerpt:encoded><![CDATA[]]></excerpt:encoded>
  <wp:post_id>1133</wp:post_id>
  <wp:post_date>2019-08-28 19:43:22</wp:post_date>
  <wp:post_date_gmt>2019-08-29 02:43:22</wp:post_date_gmt>
  <wp:post_modified>2021-10-31 23:08:31</wp:post_modified>
  <wp:post_modified_gmt>2021-11-01 06:08:31</wp:post_modified_gmt>
  <wp:comment_status>open</wp:comment_status>
  <wp:ping_status>open</wp:ping_status>
  <wp:post_name>dithyrambs</wp:post_name>
  <wp:status>publish</wp:status>
  <wp:post_parent>0</wp:post_parent>
  <wp:menu_order>0</wp:menu_order>
  <wp:post_type>post</wp:post_type>
  <wp:post_password/>
  <wp:is_sticky>0</wp:is_sticky>
  <category domain="post_tag" nicename="dust-in-sunlight"><![CDATA[Dust in Sunlight]]></category>
  <category domain="post_tag" nicename="nature"><![CDATA[Nature]]></category>
  <category domain="category" nicename="poetry"><![CDATA[Poetry]]></category>
  <wp:postmeta>
    <wp:meta_key>_rest_api_client_id</wp:meta_key>
    <wp:meta_value><![CDATA[11]]></wp:meta_value>
  </wp:postmeta>
  <wp:postmeta>
    <wp:meta_key>timeline_notification</wp:meta_key>
    <wp:meta_value><![CDATA[1567062524]]></wp:meta_value>
  </wp:postmeta>
  <wp:postmeta>
    <wp:meta_key>_publicize_job_id</wp:meta_key>
    <wp:meta_value><![CDATA[34699894732]]></wp:meta_value>
  </wp:postmeta>
  <wp:postmeta>
    <wp:meta_key>_rest_api_published</wp:meta_key>
    <wp:meta_value><![CDATA[1]]></wp:meta_value>
  </wp:postmeta>
</item>
<item>
  <title><![CDATA[The Gray Poem]]></title>
  <link>https://sparkwarden.wordpress.com/2019/08/28/the-gray-poem/</link>
  <pubDate>Thu, 29 Aug 2019 06:50:27 +0000</pubDate>
  <dc:creator>sparkwarden</dc:creator>
  <guid isPermaLink="false">https://sparkwarden.wordpress.com/2019/08/28/the-gray-poem/</guid>
  <description/>
  <content:encoded><![CDATA[Light suffers its song on the autumn farms
not yet sun sown
tangential in the first milk
of shadows, poured.

The fences on the ridgeback,
the oaks, still gray-gowned lean to wind side;
high sonar on the thistles
prove it's time.

The butter spills,
the kitchen burns—in the grove, God hums—
the pears have hung so long,
their gold has soured.

My Mother drops rain down her cheeks,
but we don't notice anything,
just the color on her cheeks
coming out of the dark.]]></content:encoded>
  <excerpt:encoded><![CDATA[]]></excerpt:encoded>
  <wp:post_id>1142</wp:post_id>
  <wp:post_date>2019-08-28 23:50:27</wp:post_date>
  <wp:post_date_gmt>2019-08-29 06:50:27</wp:post_date_gmt>
  <wp:post_modified>2021-11-01 02:44:18</wp:post_modified>
  <wp:post_modified_gmt>2021-11-01 09:44:18</wp:post_modified_gmt>
  <wp:comment_status>open</wp:comment_status>
  <wp:ping_status>open</wp:ping_status>
  <wp:post_name>the-gray-poem</wp:post_name>
  <wp:status>publish</wp:status>
  <wp:post_parent>0</wp:post_parent>
  <wp:menu_order>0</wp:menu_order>
  <wp:post_type>post</wp:post_type>
  <wp:post_password/>
  <wp:is_sticky>0</wp:is_sticky>
  <category domain="post_tag" nicename="between-bridges"><![CDATA[Between Bridges]]></category>
  <category domain="post_tag" nicename="family"><![CDATA[Family]]></category>
  <category domain="post_tag" nicename="nostalgia"><![CDATA[Nostalgia]]></category>
  <category domain="category" nicename="poetry"><![CDATA[Poetry]]></category>
  <category domain="post_tag" nicename="spirituality"><![CDATA[Spirituality]]></category>
  <wp:postmeta>
    <wp:meta_key>_publicize_job_id</wp:meta_key>
    <wp:meta_value><![CDATA[34699868443]]></wp:meta_value>
  </wp:postmeta>
  <wp:postmeta>
    <wp:meta_key>_rest_api_client_id</wp:meta_key>
    <wp:meta_value><![CDATA[11]]></wp:meta_value>
  </wp:postmeta>
  <wp:postmeta>
    <wp:meta_key>timeline_notification</wp:meta_key>
    <wp:meta_value><![CDATA[1567062462]]></wp:meta_value>
  </wp:postmeta>
  <wp:postmeta>
    <wp:meta_key>_rest_api_published</wp:meta_key>
    <wp:meta_value><![CDATA[1]]></wp:meta_value>
  </wp:postmeta>
</item>
<item>
  <title><![CDATA[Life’s Work]]></title>
  <link>https://sparkwarden.wordpress.com/2019/08/28/lifes-work/</link>
  <pubDate>Thu, 29 Aug 2019 06:58:38 +0000</pubDate>
  <dc:creator>sparkwarden</dc:creator>
  <guid isPermaLink="false">https://sparkwarden.wordpress.com/2019/08/28/lifes-work/</guid>
  <description/>
  <content:encoded><![CDATA[Let me not speak, there is no time—
perfect mission though my lips may have
they are perfect tools of pollination
sacrificed to your dark flowers.

Let me swim the swift blood tremulous
of your throat, place my hands where they
may work, my long life’s work to map
your shape into my mind.

Let me worship the feast of departed
famine, lost shepherds of my eyes that
have known no pleasures find your nakedness
prepared, hardens me to hungers.

There the vine ripe ribs and breasts
your parted limbs embrace, sweet
the labor of swift love, becomes an
answer to the whispers of a name.

Asleep, your face dreams forgotten
childhood prayers, a box of crayons for
you to draw the gingerheaded boys: I smile,
your face the life’s work of my eyes.]]></content:encoded>
  <excerpt:encoded><![CDATA[]]></excerpt:encoded>
  <wp:post_id>1147</wp:post_id>
  <wp:post_date>2019-08-28 23:58:38</wp:post_date>
  <wp:post_date_gmt>2019-08-29 06:58:38</wp:post_date_gmt>
  <wp:post_modified>2021-11-01 02:45:52</wp:post_modified>
  <wp:post_modified_gmt>2021-11-01 09:45:52</wp:post_modified_gmt>
  <wp:comment_status>open</wp:comment_status>
  <wp:ping_status>open</wp:ping_status>
  <wp:post_name>lifes-work</wp:post_name>
  <wp:status>publish</wp:status>
  <wp:post_parent>0</wp:post_parent>
  <wp:menu_order>0</wp:menu_order>
  <wp:post_type>post</wp:post_type>
  <wp:post_password/>
  <wp:is_sticky>0</wp:is_sticky>
  <category domain="post_tag" nicename="fulgarites"><![CDATA[Fulgarites]]></category>
  <category domain="post_tag" nicename="intimacy"><![CDATA[Intimacy]]></category>
  <category domain="post_tag" nicename="passion"><![CDATA[Passion]]></category>
  <category domain="category" nicename="poetry"><![CDATA[Poetry]]></category>
  <wp:postmeta>
    <wp:meta_key>timeline_notification</wp:meta_key>
    <wp:meta_value><![CDATA[1567062427]]></wp:meta_value>
  </wp:postmeta>
  <wp:postmeta>
    <wp:meta_key>_rest_api_published</wp:meta_key>
    <wp:meta_value><![CDATA[1]]></wp:meta_value>
  </wp:postmeta>
  <wp:postmeta>
    <wp:meta_key>_rest_api_client_id</wp:meta_key>
    <wp:meta_value><![CDATA[11]]></wp:meta_value>
  </wp:postmeta>
  <wp:postmeta>
    <wp:meta_key>_publicize_job_id</wp:meta_key>
    <wp:meta_value><![CDATA[34699854043]]></wp:meta_value>
  </wp:postmeta>
</item>
<item>
  <title><![CDATA[The Summer Land]]></title>
  <link>https://sparkwarden.wordpress.com/2019/08/29/the-summer-land/</link>
  <pubDate>Thu, 29 Aug 2019 07:24:47 +0000</pubDate>
  <dc:creator>sparkwarden</dc:creator>
  <guid isPermaLink="false">https://sparkwarden.wordpress.com/2019/08/29/the-summer-land/</guid>
  <description/>
  <content:encoded><![CDATA[The burnt-out land
dozes
under grazing clouds
purple with rain.

Razor grass
and fence rows,
stuck out like stitches
on summer skin.

Cold, breaths of cold
air spinning down
rain, filling all the
dust with drops.

The sere hills
on the edge of rain
feel the wind approach
they awaken again.

Air, sounds of air
wet thinning out
dry, cooling every
parchment field.]]></content:encoded>
  <excerpt:encoded><![CDATA[]]></excerpt:encoded>
  <wp:post_id>1155</wp:post_id>
  <wp:post_date>2019-08-29 00:24:47</wp:post_date>
  <wp:post_date_gmt>2019-08-29 07:24:47</wp:post_date_gmt>
  <wp:post_modified>2021-11-01 02:47:20</wp:post_modified>
  <wp:post_modified_gmt>2021-11-01 09:47:20</wp:post_modified_gmt>
  <wp:comment_status>open</wp:comment_status>
  <wp:ping_status>open</wp:ping_status>
  <wp:post_name>the-summer-land</wp:post_name>
  <wp:status>publish</wp:status>
  <wp:post_parent>0</wp:post_parent>
  <wp:menu_order>0</wp:menu_order>
  <wp:post_type>post</wp:post_type>
  <wp:post_password/>
  <wp:is_sticky>0</wp:is_sticky>
  <category domain="post_tag" nicename="nature"><![CDATA[Nature]]></category>
  <category domain="post_tag" nicename="nostalgia"><![CDATA[Nostalgia]]></category>
  <category domain="category" nicename="poetry"><![CDATA[Poetry]]></category>
  <category domain="post_tag" nicename="the-road-ends-here"><![CDATA[The Road Ends Here]]></category>
  <wp:postmeta>
    <wp:meta_key>_thumbnail_id</wp:meta_key>
    <wp:meta_value><![CDATA[1169]]></wp:meta_value>
  </wp:postmeta>
  <wp:postmeta>
    <wp:meta_key>timeline_notification</wp:meta_key>
    <wp:meta_value><![CDATA[1567064114]]></wp:meta_value>
  </wp:postmeta>
  <wp:postmeta>
    <wp:meta_key>_rest_api_published</wp:meta_key>
    <wp:meta_value><![CDATA[1]]></wp:meta_value>
  </wp:postmeta>
  <wp:postmeta>
    <wp:meta_key>_rest_api_client_id</wp:meta_key>
    <wp:meta_value><![CDATA[11]]></wp:meta_value>
  </wp:postmeta>
  <wp:postmeta>
    <wp:meta_key>_publicize_job_id</wp:meta_key>
    <wp:meta_value><![CDATA[34700586964]]></wp:meta_value>
  </wp:postmeta>
</item>
<item>
  <title><![CDATA[img_0199]]></title>
  <link>https://sparkwarden.wordpress.com/2019/08/29/the-summer-land/img_0199/</link>
  <pubDate>Thu, 29 Aug 2019 07:34:04 +0000</pubDate>
  <dc:creator>sparkwarden</dc:creator>
  <guid isPermaLink="false">http://sparkwarden.files.wordpress.com/2019/08/img_0199.jpg</guid>
  <description/>
  <content:encoded><![CDATA[]]></content:encoded>
  <excerpt:encoded><![CDATA[]]></excerpt:encoded>
  <wp:post_id>1169</wp:post_id>
  <wp:post_date>2019-08-29 00:34:04</wp:post_date>
  <wp:post_date_gmt>2019-08-29 07:34:04</wp:post_date_gmt>
  <wp:post_modified>2019-08-29 00:34:15</wp:post_modified>
  <wp:post_modified_gmt>2019-08-29 07:34:15</wp:post_modified_gmt>
  <wp:comment_status>open</wp:comment_status>
  <wp:ping_status>closed</wp:ping_status>
  <wp:post_name>img_0199</wp:post_name>
  <wp:status>inherit</wp:status>
  <wp:post_parent>1155</wp:post_parent>
  <wp:menu_order>0</wp:menu_order>
  <wp:post_type>attachment</wp:post_type>
  <wp:post_password/>
  <wp:is_sticky>0</wp:is_sticky>
  <wp:attachment_url>https://sparkwarden.files.wordpress.com/2019/08/img_0199.jpg</wp:attachment_url>
  <wp:postmeta>
    <wp:meta_key>_wp_attached_file</wp:meta_key>
    <wp:meta_value><![CDATA[/home/wpcom/public_html/wp-content/blogs.dir/446/148081618/files/2019/08/img_0199.jpg]]></wp:meta_value>
  </wp:postmeta>
  <wp:postmeta>
    <wp:meta_key>_wp_attachment_metadata</wp:meta_key>
    <wp:meta_value><![CDATA[a:6:{s:5:"width";i:1072;s:6:"height";i:805;s:4:"file";s:85:"/home/wpcom/public_html/wp-content/blogs.dir/446/148081618/files/2019/08/img_0199.jpg";s:5:"sizes";a:0:{}s:10:"image_meta";a:12:{s:8:"aperture";s:1:"0";s:6:"credit";s:0:"";s:6:"camera";s:0:"";s:7:"caption";s:0:"";s:17:"created_timestamp";s:1:"0";s:9:"copyright";s:0:"";s:12:"focal_length";s:1:"0";s:3:"iso";s:1:"0";s:13:"shutter_speed";s:1:"0";s:5:"title";s:0:"";s:11:"orientation";s:1:"0";s:8:"keywords";a:0:{}}s:8:"filesize";i:281268;}]]></wp:meta_value>
  </wp:postmeta>
  <wp:postmeta>
    <wp:meta_key>_wp_attachment_image_alt</wp:meta_key>
    <wp:meta_value><![CDATA[]]></wp:meta_value>
  </wp:postmeta>
</item>
  </channel>
</rss>
