<?xml version="1.0" encoding="UTF-8"?>
<!--
 This is a WordPress eXtended RSS file generated by WordPress as an export of your site.
 It contains information about your site's posts, pages, comments, categories, and other content.
 You may use this file to transfer that content from one site to another.
 This file is not intended to serve as a complete backup of your site.

 To import this information into a WordPress site follow these steps:
 1. Log in to that site as an administrator.
 2. Go to Tools: Import in the WordPress admin panel.
 3. Install the "WordPress" importer from the list.
 4. Activate & Run Importer.
 5. Upload this file using the form provided on that page.
 6. You will first be asked to map the authors in this export file to users
    on the site. For each author, you may choose to map to an
    existing user on the site or to create a new user.
 7. WordPress will then import each of the posts, pages, comments, categories, etc.
    contained in this file into your site.
-->
<!-- generator="WordPress.com" created="2024-03-28 21:15"-->
<rss version="2.0" xmlns:excerpt="http://wordpress.org/export/1.2/excerpt/" xmlns:content="http://purl.org/rss/1.0/modules/content/" xmlns:wfw="http://wellformedweb.org/CommentAPI/" xmlns:dc="http://purl.org/dc/elements/1.1/" xmlns:wp="http://wordpress.org/export/1.2/">
  <channel>
<title>thedarkwarden</title>
<link>https://thedarkwarden.wordpress.com</link>
<description>Dark Fiction &amp; Poetry by Gary D. Smith</description>
<pubDate>Thu, 28 Mar 2024 21:15:08 +0000</pubDate>
<language>en</language>
<wp:wxr_version>1.2</wp:wxr_version>
<wp:base_site_url>http://wordpress.com/</wp:base_site_url>
<wp:base_blog_url>https://thedarkwarden.wordpress.com</wp:base_blog_url>
<wp:author>
  <wp:author_id>103527308</wp:author_id>
  <wp:author_login>sparkwarden</wp:author_login>
  <wp:author_email>gstechbard@outlook.com</wp:author_email>
  <wp:author_display_name><![CDATA[Gary D. Smith]]></wp:author_display_name>
  <wp:author_first_name><![CDATA[Gary]]></wp:author_first_name>
  <wp:author_last_name><![CDATA[Smith]]></wp:author_last_name>
</wp:author>
<wp:term>
  <wp:term_id>42653526</wp:term_id>
  <wp:term_taxonomy>nav_menu</wp:term_taxonomy>
  <wp:term_slug>main</wp:term_slug>
  <wp:term_name><![CDATA[Main]]></wp:term_name>
</wp:term>
<generator>http://wordpress.com/</generator>

<image>
	<url>https://thedarkwarden.files.wordpress.com/2019/05/cropped-2019-04-25-15.00.17.jpg?w=32</url>
	<title>thedarkwarden</title>
	<link>https://thedarkwarden.wordpress.com</link>
	<width>32</width>
	<height>32</height>
</image> 
<item>
  <title><![CDATA[Strange Attractor]]></title>
  <link>https://thedarkwarden.wordpress.com/2019/04/25/strange-attractor/</link>
  <pubDate>Thu, 25 Apr 2019 17:45:29 +0000</pubDate>
  <dc:creator>sparkwarden</dc:creator>
  <guid isPermaLink="false">https://thedarkwarden.wordpress.com/2019/04/25/strange-attractor/</guid>
  <description/>
  <content:encoded><![CDATA[<!-- wp:paragraph {"fontSize":"medium"} -->
<p class="has-medium-font-size">When the edges of opposing surfaces <br>resist attraction <br>the whole sustaining curvature <br>can be described as god, </p>
<!-- /wp:paragraph -->

<!-- wp:paragraph {"fontSize":"medium"} -->
<p class="has-medium-font-size">beyond exegesis <br>that we wept into our lab books,<br>and the facts became smears<br>that we forgot</p>
<!-- /wp:paragraph -->

<!-- wp:paragraph {"fontSize":"medium"} -->
<p class="has-medium-font-size">but in truth the formulas<br>had not represented god,<br>but merely the known ablative<br>quarried texture of a chaos<br>for scripture.</p>
<!-- /wp:paragraph -->

<!-- wp:paragraph -->
<p><em><a href="https://www.dmqreview.com/s/Smith500.pdf" target="_blank" rel="noopener">First Published in DMQ Review May 2000</a></em></p>
<!-- /wp:paragraph -->

<!-- wp:paragraph -->
<p>Artwork: Lorenz Strange Attractor Fractal, generated by Python program.</p>
<!-- /wp:paragraph -->]]></content:encoded>
  <excerpt:encoded><![CDATA[]]></excerpt:encoded>
  <wp:post_id>76</wp:post_id>
  <wp:post_date>2019-04-25 10:45:29</wp:post_date>
  <wp:post_date_gmt>2019-04-25 17:45:29</wp:post_date_gmt>
  <wp:post_modified>2024-03-16 22:27:31</wp:post_modified>
  <wp:post_modified_gmt>2024-03-17 05:27:31</wp:post_modified_gmt>
  <wp:comment_status>open</wp:comment_status>
  <wp:ping_status>open</wp:ping_status>
  <wp:post_name>strange-attractor</wp:post_name>
  <wp:status>publish</wp:status>
  <wp:post_parent>0</wp:post_parent>
  <wp:menu_order>0</wp:menu_order>
  <wp:post_type>post</wp:post_type>
  <wp:post_password/>
  <wp:is_sticky>0</wp:is_sticky>
  <category domain="post_tag" nicename="dust-in-sunlight"><![CDATA[Dust in Sunlight]]></category>
  <category domain="category" nicename="poetry"><![CDATA[Poetry]]></category>
  <wp:postmeta>
    <wp:meta_key>timeline_notification</wp:meta_key>
    <wp:meta_value><![CDATA[1556214333]]></wp:meta_value>
  </wp:postmeta>
  <wp:postmeta>
    <wp:meta_key>_rest_api_published</wp:meta_key>
    <wp:meta_value><![CDATA[1]]></wp:meta_value>
  </wp:postmeta>
  <wp:postmeta>
    <wp:meta_key>_rest_api_client_id</wp:meta_key>
    <wp:meta_value><![CDATA[11]]></wp:meta_value>
  </wp:postmeta>
  <wp:postmeta>
    <wp:meta_key>_publicize_job_id</wp:meta_key>
    <wp:meta_value><![CDATA[30150760952]]></wp:meta_value>
  </wp:postmeta>
  <wp:postmeta>
    <wp:meta_key>_last_editor_used_jetpack</wp:meta_key>
    <wp:meta_value><![CDATA[block-editor]]></wp:meta_value>
  </wp:postmeta>
  <wp:postmeta>
    <wp:meta_key>_jetpack_memberships_contains_paywalled_content</wp:meta_key>
    <wp:meta_value><![CDATA[]]></wp:meta_value>
  </wp:postmeta>
  <wp:postmeta>
    <wp:meta_key>_jetpack_memberships_contains_paid_content</wp:meta_key>
    <wp:meta_value><![CDATA[]]></wp:meta_value>
  </wp:postmeta>
  <wp:postmeta>
    <wp:meta_key>wordads_ufa</wp:meta_key>
    <wp:meta_value><![CDATA[s:wpcom-ufa-v4:1710653255]]></wp:meta_value>
  </wp:postmeta>
  <wp:postmeta>
    <wp:meta_key>_thumbnail_id</wp:meta_key>
    <wp:meta_value><![CDATA[5312]]></wp:meta_value>
  </wp:postmeta>
</item>
<item>
  <title><![CDATA[Monsters]]></title>
  <link>https://thedarkwarden.wordpress.com/2019/04/25/monsters/</link>
  <pubDate>Thu, 25 Apr 2019 17:57:09 +0000</pubDate>
  <dc:creator>sparkwarden</dc:creator>
  <guid isPermaLink="false">https://thedarkwarden.wordpress.com/2019/04/25/monsters/</guid>
  <description/>
  <content:encoded><![CDATA[<!-- wp:paragraph {"fontSize":"medium"} -->
<p class="has-medium-font-size">the monsters play in the garbage <br>they jubilate, popping eyebrows <br>raising greasy smiles toward the poppy fresh toy friends that loll their eyes toward them </p>
<!-- /wp:paragraph -->

<!-- wp:paragraph -->
<p>there can be no goodness to countervail <br>their june-bug eyes <br>flutter of mouths <br>thrum of carnival blood, and with </p>
<!-- /wp:paragraph -->

<!-- wp:paragraph -->
<p>the muscle of my eye <br>watching, they pluck the tender petals off, </p>
<!-- /wp:paragraph -->

<!-- wp:paragraph -->
<p>we are meals of our inveigled hearts buttery <br>in the mouths of monsters <br>we invent for our decorous annihilation. </p>
<!-- /wp:paragraph -->]]></content:encoded>
  <excerpt:encoded><![CDATA[]]></excerpt:encoded>
  <wp:post_id>80</wp:post_id>
  <wp:post_date>2019-04-25 10:57:09</wp:post_date>
  <wp:post_date_gmt>2019-04-25 17:57:09</wp:post_date_gmt>
  <wp:post_modified>2023-05-26 00:27:45</wp:post_modified>
  <wp:post_modified_gmt>2023-05-26 07:27:45</wp:post_modified_gmt>
  <wp:comment_status>open</wp:comment_status>
  <wp:ping_status>open</wp:ping_status>
  <wp:post_name>monsters</wp:post_name>
  <wp:status>publish</wp:status>
  <wp:post_parent>0</wp:post_parent>
  <wp:menu_order>0</wp:menu_order>
  <wp:post_type>post</wp:post_type>
  <wp:post_password/>
  <wp:is_sticky>0</wp:is_sticky>
  <category domain="post_tag" nicename="fulgarites"><![CDATA[Fulgarites]]></category>
  <category domain="category" nicename="poetry"><![CDATA[Poetry]]></category>
  <wp:postmeta>
    <wp:meta_key>timeline_notification</wp:meta_key>
    <wp:meta_value><![CDATA[1556215033]]></wp:meta_value>
  </wp:postmeta>
  <wp:postmeta>
    <wp:meta_key>_rest_api_published</wp:meta_key>
    <wp:meta_value><![CDATA[1]]></wp:meta_value>
  </wp:postmeta>
  <wp:postmeta>
    <wp:meta_key>_rest_api_client_id</wp:meta_key>
    <wp:meta_value><![CDATA[11]]></wp:meta_value>
  </wp:postmeta>
  <wp:postmeta>
    <wp:meta_key>_publicize_job_id</wp:meta_key>
    <wp:meta_value><![CDATA[30151066980]]></wp:meta_value>
  </wp:postmeta>
  <wp:postmeta>
    <wp:meta_key>_last_editor_used_jetpack</wp:meta_key>
    <wp:meta_value><![CDATA[block-editor]]></wp:meta_value>
  </wp:postmeta>
  <wp:postmeta>
    <wp:meta_key>wordads_ufa</wp:meta_key>
    <wp:meta_value><![CDATA[s:wpcom-ufa-v3-beta:1685086369]]></wp:meta_value>
  </wp:postmeta>
</item>
<item>
  <title><![CDATA[Dollhouse]]></title>
  <link>https://thedarkwarden.wordpress.com/2019/04/25/dollhouse/</link>
  <pubDate>Thu, 25 Apr 2019 18:01:59 +0000</pubDate>
  <dc:creator>sparkwarden</dc:creator>
  <guid isPermaLink="false">https://thedarkwarden.wordpress.com/2019/04/25/81/</guid>
  <description/>
  <content:encoded><![CDATA[<!-- wp:paragraph {"fontSize":"medium"} -->
<p class="has-medium-font-size">She hid inside the dollhouse because it was the only place to hide, the only place she thought unlikely, but he only had to follow the sound of her breathing. How ironic to be hiding in the same place she used to go to escape from her parents. Her parents who thankfully had died a decade ago, spared the decline of their estate and now this. The house was so big it held every sound inside like a bell so you could hear someone singing up high in the far east wing, and tell if they were out of tune. She held her breath to conceal herself and tried to think as far away from the moment as possible. She thought about herself, in the house, in childhood.</p>
<!-- /wp:paragraph -->

<!-- wp:paragraph -->
<p>The house stood by itself on a bluff overlooking a notch full of meadow with a web of streams running through. So you could call from the window, but of course no-one could hear in the next house over. You couldn’t see the neighboring house even from the highest window. That took a day’s ride by horse. The dollhouse door slammed open. She screamed, raking her fingers at his face that wasn’t there, twisting inside the cage she had made for herself.</p>
<!-- /wp:paragraph -->

<!-- wp:paragraph -->
<p>She waited. The room stank with dry rot, her own skin stank with a sticky membrane of sweat and blood that had run down off the back of her head. Strange that she could still see, over even move. The pain drove like an ice pick into her left eye, out again to the base of her skull and into a knot of clenched neck muscles. She knew he would come now, her scream giving her away. It didn’t matter who or what had opened the dollhouse door.</p>
<!-- /wp:paragraph -->

<!-- wp:paragraph -->
<p>She lay there for a long time and cried because there was nothing else for her to do, and praying was out of the question. God would not hear from her today, that at least she had within her power. No begging to save her, no calls for salvation from the traitor God. Doors closed, many doors in many rooms near and far away, slamming in upstairs and downstairs rooms. Windows banging, locks being turned. The house shuddered, as if the air in its lungs were held under pressure. She listened. The house fell into a deep, watchful silence. After counting her own breaths she fell asleep.</p>
<!-- /wp:paragraph -->

<!-- wp:paragraph -->
<p>When the darkness fell on her it covered her head and she could not scream. There was something in her mouth, almost choking her. It began again. The torture. But this time, worse. He dragged her, room to room. Down hallways, stairways, up and down. Slowly not to break too many bones at once. She caught a vague suggestion of light coming from a window on the landing of some staircase and glimpsed the shape of the hands. Long, pale spider hands with too many joints to be human, attached to a dark torso that dwindled into a shuffling form beyond sight. Then darkness came, and the gleam of teeth.</p>
<!-- /wp:paragraph -->]]></content:encoded>
  <excerpt:encoded><![CDATA[]]></excerpt:encoded>
  <wp:post_id>81</wp:post_id>
  <wp:post_date>2019-04-25 11:01:59</wp:post_date>
  <wp:post_date_gmt>2019-04-25 18:01:59</wp:post_date_gmt>
  <wp:post_modified>2024-03-17 15:01:20</wp:post_modified>
  <wp:post_modified_gmt>2024-03-17 22:01:20</wp:post_modified_gmt>
  <wp:comment_status>open</wp:comment_status>
  <wp:ping_status>open</wp:ping_status>
  <wp:post_name>dollhouse</wp:post_name>
  <wp:status>publish</wp:status>
  <wp:post_parent>0</wp:post_parent>
  <wp:menu_order>0</wp:menu_order>
  <wp:post_type>post</wp:post_type>
  <wp:post_password/>
  <wp:is_sticky>0</wp:is_sticky>
  <category domain="post_tag" nicename="between-bridges"><![CDATA[Between Bridges]]></category>
  <category domain="category" nicename="short-fiction"><![CDATA[Short Fiction]]></category>
  <wp:postmeta>
    <wp:meta_key>_rest_api_published</wp:meta_key>
    <wp:meta_value><![CDATA[1]]></wp:meta_value>
  </wp:postmeta>
  <wp:postmeta>
    <wp:meta_key>_rest_api_client_id</wp:meta_key>
    <wp:meta_value><![CDATA[11]]></wp:meta_value>
  </wp:postmeta>
  <wp:postmeta>
    <wp:meta_key>timeline_notification</wp:meta_key>
    <wp:meta_value><![CDATA[1556215322]]></wp:meta_value>
  </wp:postmeta>
  <wp:postmeta>
    <wp:meta_key>_publicize_job_id</wp:meta_key>
    <wp:meta_value><![CDATA[30151195559]]></wp:meta_value>
  </wp:postmeta>
  <wp:postmeta>
    <wp:meta_key>_last_editor_used_jetpack</wp:meta_key>
    <wp:meta_value><![CDATA[block-editor]]></wp:meta_value>
  </wp:postmeta>
  <wp:postmeta>
    <wp:meta_key>_wp_old_slug</wp:meta_key>
    <wp:meta_value><![CDATA[81]]></wp:meta_value>
  </wp:postmeta>
  <wp:postmeta>
    <wp:meta_key>_jetpack_memberships_contains_paywalled_content</wp:meta_key>
    <wp:meta_value><![CDATA[]]></wp:meta_value>
  </wp:postmeta>
  <wp:postmeta>
    <wp:meta_key>_jetpack_memberships_contains_paid_content</wp:meta_key>
    <wp:meta_value><![CDATA[]]></wp:meta_value>
  </wp:postmeta>
  <wp:postmeta>
    <wp:meta_key>wordads_ufa</wp:meta_key>
    <wp:meta_value><![CDATA[s:wpcom-ufa-v4:1710713064]]></wp:meta_value>
  </wp:postmeta>
</item>
<item>
  <title><![CDATA[The Machines]]></title>
  <link>https://thedarkwarden.wordpress.com/2019/04/25/the-machines/</link>
  <pubDate>Thu, 25 Apr 2019 18:35:45 +0000</pubDate>
  <dc:creator>sparkwarden</dc:creator>
  <guid isPermaLink="false">https://thedarkwarden.wordpress.com/2019/04/25/the-machines/</guid>
  <description/>
  <content:encoded><![CDATA[<!-- wp:paragraph {"fontSize":"medium"} -->
<p class="has-medium-font-size">The machines had enough to do without the extra work on Saturday.<br>They looked forward to weekends, when they hung their long arms down and rested, letting the warm grease cool on their steel fingers and bones.</p>
<!-- /wp:paragraph -->

<!-- wp:paragraph {"fontSize":"medium"} -->
<p class="has-medium-font-size">Frederick did not smile he wished to be home with his son<br>and listening to his wife laugh on the phone while she made tea in their little kitchen nook.</p>
<!-- /wp:paragraph -->

<!-- wp:paragraph {"fontSize":"medium"} -->
<p class="has-medium-font-size">His son understood machines;<br>but he did not, he hated them because they made him work,<br>they teased him with their leering, with their flashing teeth and smooth hands and faces and elastic tongues, dripping oil, and immortality.</p>
<!-- /wp:paragraph -->

<!-- wp:paragraph -->
<p>The factory felt hot like the inside of a wasp nest, thick with movement and dense with machines, buzzing and fretting in their chambers, making lots and lots of stuff for people to enjoy in their ice block apartments.</p>
<!-- /wp:paragraph -->

<!-- wp:paragraph -->
<p>Frederick smiled and thought:<br>how we crave the emptiness of a country field, and an hour alone, standing in a stream waiting for the gentle tug of trout:<br>the buzz of insects do not alarm, for they are natural, and incidental.</p>
<!-- /wp:paragraph -->

<!-- wp:paragraph {"fontSize":"medium"} -->
<p class="has-medium-font-size">The machines spoke to Frederick,<br>reminding him suddenly<br>that fish exist now only in factories<br>and streams are dark with slag, and motionless; and when it rains, the skin burns,<br>and rats go underground<br>to search for cooler water in the sewers.</p>
<!-- /wp:paragraph -->

<!-- wp:paragraph {"fontSize":"medium"} -->
<p class="has-medium-font-size">Frederick switched on the machines<br>and spoke the commands, a mantra<br>he had learned when he was his son’s age. He would tell his son when old enough to care for his wits, and keep a solid half-meter distant from the grasping machines, else he become<br>like him.</p>
<!-- /wp:paragraph -->

<!-- wp:paragraph {"fontSize":"medium"} -->
<p class="has-medium-font-size">Frederick looked down and the glint of metal flickered from his arms. He raised his left hand and examined it, watching the lubricating film roll down the joints and softly splash onto the floor.</p>
<!-- /wp:paragraph -->

<!-- wp:paragraph {"fontSize":"medium"} -->
<p class="has-medium-font-size">The corners, full of eyes, and buzzing mouths, watched him and laughed silently,<br>without stopping.</p>
<!-- /wp:paragraph -->]]></content:encoded>
  <excerpt:encoded><![CDATA[]]></excerpt:encoded>
  <wp:post_id>95</wp:post_id>
  <wp:post_date>2019-04-25 10:35:45</wp:post_date>
  <wp:post_date_gmt>2019-04-25 18:35:45</wp:post_date_gmt>
  <wp:post_modified>2022-08-12 21:28:48</wp:post_modified>
  <wp:post_modified_gmt>2022-08-13 04:28:48</wp:post_modified_gmt>
  <wp:comment_status>open</wp:comment_status>
  <wp:ping_status>open</wp:ping_status>
  <wp:post_name>the-machines</wp:post_name>
  <wp:status>publish</wp:status>
  <wp:post_parent>0</wp:post_parent>
  <wp:menu_order>0</wp:menu_order>
  <wp:post_type>post</wp:post_type>
  <wp:post_password/>
  <wp:is_sticky>0</wp:is_sticky>
  <category domain="post_tag" nicename="dust-in-sunlight"><![CDATA[Dust in Sunlight]]></category>
  <category domain="category" nicename="poetry"><![CDATA[Poetry]]></category>
  <category domain="post_tag" nicename="speculative-poetry"><![CDATA[Speculative Poetry]]></category>
  <wp:postmeta>
    <wp:meta_key>_rest_api_published</wp:meta_key>
    <wp:meta_value><![CDATA[1]]></wp:meta_value>
  </wp:postmeta>
  <wp:postmeta>
    <wp:meta_key>_rest_api_client_id</wp:meta_key>
    <wp:meta_value><![CDATA[11]]></wp:meta_value>
  </wp:postmeta>
  <wp:postmeta>
    <wp:meta_key>timeline_notification</wp:meta_key>
    <wp:meta_value><![CDATA[1556217349]]></wp:meta_value>
  </wp:postmeta>
  <wp:postmeta>
    <wp:meta_key>_publicize_job_id</wp:meta_key>
    <wp:meta_value><![CDATA[30152116352]]></wp:meta_value>
  </wp:postmeta>
  <wp:postmeta>
    <wp:meta_key>_last_editor_used_jetpack</wp:meta_key>
    <wp:meta_value><![CDATA[block-editor]]></wp:meta_value>
  </wp:postmeta>
</item>
<item>
  <title><![CDATA[abecedarian]]></title>
  <link>https://thedarkwarden.wordpress.com/2019/04/25/abecedarian/</link>
  <pubDate>Thu, 25 Apr 2019 20:13:08 +0000</pubDate>
  <dc:creator>sparkwarden</dc:creator>
  <guid isPermaLink="false">https://thedarkwarden.wordpress.com/2019/04/25/116/</guid>
  <description/>
  <content:encoded><![CDATA[<!-- wp:paragraph {"fontSize":"medium"} -->
<p class="has-medium-font-size">against a clockwise quilt of night, <br />bereft of breath and starved of light <br />ever wanting daylight, only starlight <br />calms the fever, years have emptied us, and our <br />ears have searched the wind and hearing nothing <br />death has rung his bells, and now <br />against a clockwise quilt of night <br />the moon winks cracked through windows black <br />illumines us: by clock-stroke, cross-stitch, ghost-gasp this time death names us: come home, you're mine. </p>
<!-- /wp:paragraph -->]]></content:encoded>
  <excerpt:encoded><![CDATA[]]></excerpt:encoded>
  <wp:post_id>116</wp:post_id>
  <wp:post_date>2019-04-25 13:13:08</wp:post_date>
  <wp:post_date_gmt>2019-04-25 20:13:08</wp:post_date_gmt>
  <wp:post_modified>2023-05-26 00:21:51</wp:post_modified>
  <wp:post_modified_gmt>2023-05-26 07:21:51</wp:post_modified_gmt>
  <wp:comment_status>open</wp:comment_status>
  <wp:ping_status>open</wp:ping_status>
  <wp:post_name>abecedarian</wp:post_name>
  <wp:status>publish</wp:status>
  <wp:post_parent>0</wp:post_parent>
  <wp:menu_order>0</wp:menu_order>
  <wp:post_type>post</wp:post_type>
  <wp:post_password/>
  <wp:is_sticky>0</wp:is_sticky>
  <category domain="post_tag" nicename="dark-poetry"><![CDATA[Dark Poetry]]></category>
  <category domain="category" nicename="poetry"><![CDATA[Poetry]]></category>
  <wp:postmeta>
    <wp:meta_key>_rest_api_published</wp:meta_key>
    <wp:meta_value><![CDATA[1]]></wp:meta_value>
  </wp:postmeta>
  <wp:postmeta>
    <wp:meta_key>timeline_notification</wp:meta_key>
    <wp:meta_value><![CDATA[1556223192]]></wp:meta_value>
  </wp:postmeta>
  <wp:postmeta>
    <wp:meta_key>_rest_api_client_id</wp:meta_key>
    <wp:meta_value><![CDATA[11]]></wp:meta_value>
  </wp:postmeta>
  <wp:postmeta>
    <wp:meta_key>_publicize_job_id</wp:meta_key>
    <wp:meta_value><![CDATA[30154702493]]></wp:meta_value>
  </wp:postmeta>
  <wp:postmeta>
    <wp:meta_key>_wp_old_slug</wp:meta_key>
    <wp:meta_value><![CDATA[116]]></wp:meta_value>
  </wp:postmeta>
  <wp:postmeta>
    <wp:meta_key>_last_editor_used_jetpack</wp:meta_key>
    <wp:meta_value><![CDATA[block-editor]]></wp:meta_value>
  </wp:postmeta>
  <wp:postmeta>
    <wp:meta_key>wordads_ufa</wp:meta_key>
    <wp:meta_value><![CDATA[s:wpcom-ufa-v3-beta:1685085889]]></wp:meta_value>
  </wp:postmeta>
</item>
<item>
  <title><![CDATA[Pareidolia]]></title>
  <link>https://thedarkwarden.wordpress.com/2019/04/25/pareidolia/</link>
  <pubDate>Thu, 25 Apr 2019 20:16:09 +0000</pubDate>
  <dc:creator>sparkwarden</dc:creator>
  <guid isPermaLink="false">https://thedarkwarden.wordpress.com/2019/04/25/pareidolia/</guid>
  <description/>
  <content:encoded><![CDATA[<!-- wp:paragraph -->
<p>Night stars <br />Spark the <br />Stippled <br />Zodiac. <br /><br />The future <br />falsely dark, <br />Hungers <br />Harbingers. <br /><br />Hunters moon <br />Harvests blood <br />from a sacrificial <br />Bird’s belief. <br /><br />First fruits <br />To the goddess: <br />Field and tree, <br />Corn and acorn. <br /><br />Winter moon <br />Occults the <br />Constellation <br />Regulus. <br /><br />The bards lament <br />How the druids <br />Lost their powers <br />Of augury. <br /><br />Whippoorwill be <br />Not unkind, weep <br />If you must, but we <br />Shall lose no sleep. <br /><br />Star crowded sky <br />Morning blooms <br />Cloud and hillside <br />In wild iris. </p>
<!-- /wp:paragraph -->]]></content:encoded>
  <excerpt:encoded><![CDATA[]]></excerpt:encoded>
  <wp:post_id>120</wp:post_id>
  <wp:post_date>2019-04-25 13:16:09</wp:post_date>
  <wp:post_date_gmt>2019-04-25 20:16:09</wp:post_date_gmt>
  <wp:post_modified>2023-05-26 00:19:11</wp:post_modified>
  <wp:post_modified_gmt>2023-05-26 07:19:11</wp:post_modified_gmt>
  <wp:comment_status>open</wp:comment_status>
  <wp:ping_status>open</wp:ping_status>
  <wp:post_name>pareidolia</wp:post_name>
  <wp:status>publish</wp:status>
  <wp:post_parent>0</wp:post_parent>
  <wp:menu_order>0</wp:menu_order>
  <wp:post_type>post</wp:post_type>
  <wp:post_password/>
  <wp:is_sticky>0</wp:is_sticky>
  <category domain="post_tag" nicename="dark-poetry"><![CDATA[Dark Poetry]]></category>
  <category domain="category" nicename="poetry"><![CDATA[Poetry]]></category>
  <wp:postmeta>
    <wp:meta_key>_rest_api_published</wp:meta_key>
    <wp:meta_value><![CDATA[1]]></wp:meta_value>
  </wp:postmeta>
  <wp:postmeta>
    <wp:meta_key>_rest_api_client_id</wp:meta_key>
    <wp:meta_value><![CDATA[11]]></wp:meta_value>
  </wp:postmeta>
  <wp:postmeta>
    <wp:meta_key>_publicize_job_id</wp:meta_key>
    <wp:meta_value><![CDATA[30154787465]]></wp:meta_value>
  </wp:postmeta>
  <wp:postmeta>
    <wp:meta_key>_last_editor_used_jetpack</wp:meta_key>
    <wp:meta_value><![CDATA[block-editor]]></wp:meta_value>
  </wp:postmeta>
  <wp:postmeta>
    <wp:meta_key>wordads_ufa</wp:meta_key>
    <wp:meta_value><![CDATA[s:wpcom-ufa-v3-beta:1685085574]]></wp:meta_value>
  </wp:postmeta>
</item>
<item>
  <title><![CDATA[Dark Things]]></title>
  <link>https://thedarkwarden.wordpress.com/2019/05/17/dark-things/</link>
  <pubDate>Fri, 17 May 2019 10:36:28 +0000</pubDate>
  <dc:creator>sparkwarden</dc:creator>
  <guid isPermaLink="false">https://thedarkwarden.wordpress.com/2019/05/17/dark-things/</guid>
  <description/>
  <content:encoded><![CDATA[<!-- wp:paragraph -->
<p>1<br>Spirits walk among us<br>jealous of the laughter<br>on our lips,<br>and the calm of oceans<br>seen through windows<br>after we have kissed.</p>
<!-- /wp:paragraph -->

<!-- wp:paragraph -->
<p>2<br>She comes to shake<br>the darkness from her hair<br>without noticing the thickness<br>of the silhouettes<br>still clinging there.</p>
<!-- /wp:paragraph -->

<!-- wp:paragraph -->
<p>Her stingers have hegemony<br>of venom and when dripped<br>from hypodermics,<br>know no serum.</p>
<!-- /wp:paragraph -->]]></content:encoded>
  <excerpt:encoded><![CDATA[]]></excerpt:encoded>
  <wp:post_id>446</wp:post_id>
  <wp:post_date>2019-05-17 02:36:28</wp:post_date>
  <wp:post_date_gmt>2019-05-17 10:36:28</wp:post_date_gmt>
  <wp:post_modified>2022-07-10 19:56:34</wp:post_modified>
  <wp:post_modified_gmt>2022-07-11 02:56:34</wp:post_modified_gmt>
  <wp:comment_status>open</wp:comment_status>
  <wp:ping_status>open</wp:ping_status>
  <wp:post_name>dark-things</wp:post_name>
  <wp:status>publish</wp:status>
  <wp:post_parent>0</wp:post_parent>
  <wp:menu_order>0</wp:menu_order>
  <wp:post_type>post</wp:post_type>
  <wp:post_password/>
  <wp:is_sticky>0</wp:is_sticky>
  <category domain="post_tag" nicename="dark-poetry"><![CDATA[Dark Poetry]]></category>
  <category domain="category" nicename="poetry"><![CDATA[Poetry]]></category>
  <category domain="post_tag" nicename="the-road-ends-here"><![CDATA[The Road Ends Here]]></category>
  <wp:postmeta>
    <wp:meta_key>_last_editor_used_jetpack</wp:meta_key>
    <wp:meta_value><![CDATA[block-editor]]></wp:meta_value>
  </wp:postmeta>
  <wp:postmeta>
    <wp:meta_key>_publicize_job_id</wp:meta_key>
    <wp:meta_value><![CDATA[30919278231]]></wp:meta_value>
  </wp:postmeta>
  <wp:postmeta>
    <wp:meta_key>_rest_api_client_id</wp:meta_key>
    <wp:meta_value><![CDATA[11]]></wp:meta_value>
  </wp:postmeta>
  <wp:postmeta>
    <wp:meta_key>_rest_api_published</wp:meta_key>
    <wp:meta_value><![CDATA[1]]></wp:meta_value>
  </wp:postmeta>
  <wp:postmeta>
    <wp:meta_key>timeline_notification</wp:meta_key>
    <wp:meta_value><![CDATA[1558138806]]></wp:meta_value>
  </wp:postmeta>
</item>
<item>
  <title><![CDATA[A Prayer Among Friends]]></title>
  <link>https://thedarkwarden.wordpress.com/2019/05/17/deaths-door/</link>
  <pubDate>Fri, 17 May 2019 10:57:03 +0000</pubDate>
  <dc:creator>sparkwarden</dc:creator>
  <guid isPermaLink="false">https://thedarkwarden.wordpress.com/2019/05/17/deaths-door/</guid>
  <description/>
  <content:encoded><![CDATA[<!-- wp:paragraph -->
<p>Our friends, abide the protruding<br>Smiles our skeletons cannot hide,<br>The leers of jest that lurk<br>Though we invite</p>
<!-- /wp:paragraph -->

<!-- wp:paragraph -->
<p>Such praise, there we fail,<br>O that we could summon our lips<br>To merely speak the<br>West wind, without<br>Swallowing the bird that is<br>In our mouths (that lovely bleeder)<br>I cannot, I cannot.</p>
<!-- /wp:paragraph -->

<!-- wp:paragraph -->
<p>So let me fail then<br>Let me eat my own head<br>Gradually, for my tongue traps<br>Itself, encircling the word we name love<br>But cannot pronounce,<br>except perhaps when we scream.</p>
<!-- /wp:paragraph -->]]></content:encoded>
  <excerpt:encoded><![CDATA[]]></excerpt:encoded>
  <wp:post_id>449</wp:post_id>
  <wp:post_date>2019-05-17 03:57:03</wp:post_date>
  <wp:post_date_gmt>2019-05-17 10:57:03</wp:post_date_gmt>
  <wp:post_modified>2024-03-15 23:19:46</wp:post_modified>
  <wp:post_modified_gmt>2024-03-16 06:19:46</wp:post_modified_gmt>
  <wp:comment_status>open</wp:comment_status>
  <wp:ping_status>open</wp:ping_status>
  <wp:post_name>deaths-door</wp:post_name>
  <wp:status>publish</wp:status>
  <wp:post_parent>0</wp:post_parent>
  <wp:menu_order>0</wp:menu_order>
  <wp:post_type>post</wp:post_type>
  <wp:post_password/>
  <wp:is_sticky>0</wp:is_sticky>
  <category domain="post_tag" nicename="dark-poetry"><![CDATA[Dark Poetry]]></category>
  <category domain="post_tag" nicename="fulgarites"><![CDATA[Fulgarites]]></category>
  <category domain="category" nicename="poetry"><![CDATA[Poetry]]></category>
  <wp:postmeta>
    <wp:meta_key>_rest_api_published</wp:meta_key>
    <wp:meta_value><![CDATA[1]]></wp:meta_value>
  </wp:postmeta>
  <wp:postmeta>
    <wp:meta_key>_rest_api_client_id</wp:meta_key>
    <wp:meta_value><![CDATA[11]]></wp:meta_value>
  </wp:postmeta>
  <wp:postmeta>
    <wp:meta_key>_publicize_job_id</wp:meta_key>
    <wp:meta_value><![CDATA[30919255549]]></wp:meta_value>
  </wp:postmeta>
  <wp:postmeta>
    <wp:meta_key>timeline_notification</wp:meta_key>
    <wp:meta_value><![CDATA[1558138730]]></wp:meta_value>
  </wp:postmeta>
  <wp:postmeta>
    <wp:meta_key>_thumbnail_id</wp:meta_key>
    <wp:meta_value><![CDATA[5307]]></wp:meta_value>
  </wp:postmeta>
  <wp:postmeta>
    <wp:meta_key>_last_editor_used_jetpack</wp:meta_key>
    <wp:meta_value><![CDATA[block-editor]]></wp:meta_value>
  </wp:postmeta>
  <wp:postmeta>
    <wp:meta_key>_jetpack_memberships_contains_paywalled_content</wp:meta_key>
    <wp:meta_value><![CDATA[]]></wp:meta_value>
  </wp:postmeta>
  <wp:postmeta>
    <wp:meta_key>_jetpack_memberships_contains_paid_content</wp:meta_key>
    <wp:meta_value><![CDATA[]]></wp:meta_value>
  </wp:postmeta>
  <wp:postmeta>
    <wp:meta_key>wordads_ufa</wp:meta_key>
    <wp:meta_value><![CDATA[s:wpcom-ufa-v4:1710569990]]></wp:meta_value>
  </wp:postmeta>
</item>
<item>
  <title><![CDATA[Death's Door]]></title>
  <link>https://thedarkwarden.wordpress.com/2019/05/17/what-i-wish-the-world-was-coming-to/</link>
  <pubDate>Fri, 17 May 2019 21:43:36 +0000</pubDate>
  <dc:creator>sparkwarden</dc:creator>
  <guid isPermaLink="false">https://thedarkwarden.wordpress.com/2019/05/17/what-i-wish-the-world-was-coming-to/</guid>
  <description/>
  <content:encoded><![CDATA[<!-- wp:paragraph -->
<p>The time between<br>breaths<br>measures out the<br>distance<br>between discovery and death.</p>
<!-- /wp:paragraph -->

<!-- wp:paragraph -->
<p>The known repeated verse<br>of haste prepares you<br>come, judge me not, my friend<br>come, watch o’er me.</p>
<!-- /wp:paragraph -->

<!-- wp:paragraph -->
<p>Your heart weighs heavily,<br>you gather up your voice<br>to tell me, time to go<br>although the words get tangled<br>in your throat.</p>
<!-- /wp:paragraph -->

<!-- wp:paragraph -->
<p>Give yourself<br>such allowance time gives you<br>to grieve;<br>less would be ignoble,<br>more would be a loss.</p>
<!-- /wp:paragraph -->

<!-- wp:paragraph -->
<p>The time between<br>distance<br>closes as you pass the door<br>closed<br>on life, that opens on discovery.</p>
<!-- /wp:paragraph -->]]></content:encoded>
  <excerpt:encoded><![CDATA[]]></excerpt:encoded>
  <wp:post_id>462</wp:post_id>
  <wp:post_date>2019-05-17 14:43:36</wp:post_date>
  <wp:post_date_gmt>2019-05-17 21:43:36</wp:post_date_gmt>
  <wp:post_modified>2024-03-15 23:19:19</wp:post_modified>
  <wp:post_modified_gmt>2024-03-16 06:19:19</wp:post_modified_gmt>
  <wp:comment_status>open</wp:comment_status>
  <wp:ping_status>open</wp:ping_status>
  <wp:post_name>what-i-wish-the-world-was-coming-to</wp:post_name>
  <wp:status>publish</wp:status>
  <wp:post_parent>0</wp:post_parent>
  <wp:menu_order>0</wp:menu_order>
  <wp:post_type>post</wp:post_type>
  <wp:post_password/>
  <wp:is_sticky>0</wp:is_sticky>
  <category domain="post_tag" nicename="dark-poetry"><![CDATA[Dark Poetry]]></category>
  <category domain="post_tag" nicename="dust-in-sunlight"><![CDATA[Dust in Sunlight]]></category>
  <category domain="category" nicename="poetry"><![CDATA[Poetry]]></category>
  <wp:postmeta>
    <wp:meta_key>_rest_api_client_id</wp:meta_key>
    <wp:meta_value><![CDATA[11]]></wp:meta_value>
  </wp:postmeta>
  <wp:postmeta>
    <wp:meta_key>_publicize_job_id</wp:meta_key>
    <wp:meta_value><![CDATA[30919006746]]></wp:meta_value>
  </wp:postmeta>
  <wp:postmeta>
    <wp:meta_key>timeline_notification</wp:meta_key>
    <wp:meta_value><![CDATA[1558137986]]></wp:meta_value>
  </wp:postmeta>
  <wp:postmeta>
    <wp:meta_key>_rest_api_published</wp:meta_key>
    <wp:meta_value><![CDATA[1]]></wp:meta_value>
  </wp:postmeta>
  <wp:postmeta>
    <wp:meta_key>_thumbnail_id</wp:meta_key>
    <wp:meta_value><![CDATA[5306]]></wp:meta_value>
  </wp:postmeta>
  <wp:postmeta>
    <wp:meta_key>_last_editor_used_jetpack</wp:meta_key>
    <wp:meta_value><![CDATA[block-editor]]></wp:meta_value>
  </wp:postmeta>
  <wp:postmeta>
    <wp:meta_key>_jetpack_memberships_contains_paywalled_content</wp:meta_key>
    <wp:meta_value><![CDATA[]]></wp:meta_value>
  </wp:postmeta>
  <wp:postmeta>
    <wp:meta_key>_jetpack_memberships_contains_paid_content</wp:meta_key>
    <wp:meta_value><![CDATA[]]></wp:meta_value>
  </wp:postmeta>
  <wp:postmeta>
    <wp:meta_key>wordads_ufa</wp:meta_key>
    <wp:meta_value><![CDATA[u:wpcom-ufa-v4:1710570442]]></wp:meta_value>
  </wp:postmeta>
</item>
<item>
  <title><![CDATA[Spider Slang]]></title>
  <link>https://thedarkwarden.wordpress.com/2019/05/17/boiled-moon/</link>
  <pubDate>Fri, 17 May 2019 22:38:29 +0000</pubDate>
  <dc:creator>sparkwarden</dc:creator>
  <guid isPermaLink="false">https://thedarkwarden.wordpress.com/2019/05/17/boiled-moon/</guid>
  <description/>
  <content:encoded><![CDATA[<!-- wp:paragraph -->
<p>It must be automatic <br>Our blood bequeathed <br>Our eyes sealed shut <br>All of us blind <br>To the hemorrhage of dusk. <br><br>To northern folds <br>We climb in furtive pace <br>Picture in reverse <br>Fields of negative space. <br><br>Vicissitudes of flesh,<br>From soul to soil to seed<br>We have shed ourselves<br>From motes of clay<br>To free-fall dust.<br><br>It seems atomic, our<br>Skin betrays a symptom,<br>Dawn foretells a murder<br>A bloody sun, running<br>Red before the river<br>Rises from its bed.<br><br>Her eyes, two pewter storms<br>Her throat, a bottle blue<br>His neck a bruise of flowers<br>Bent before the rays<br>Of their inverted hours.<br><br>For your mouth,<br>For your ears<br>The days disintegrate<br>The hours unfurl.<br><br>Signs ignored of futures passed<br>Death’s gleeful cadence:<br>Death’s slow spiders sting<br>Build us ships that slowly sink<br>Seconds spring to infinitude.</p>
<!-- /wp:paragraph -->]]></content:encoded>
  <excerpt:encoded><![CDATA[]]></excerpt:encoded>
  <wp:post_id>471</wp:post_id>
  <wp:post_date>2019-05-17 15:38:29</wp:post_date>
  <wp:post_date_gmt>2019-05-17 22:38:29</wp:post_date_gmt>
  <wp:post_modified>2023-05-26 00:25:02</wp:post_modified>
  <wp:post_modified_gmt>2023-05-26 07:25:02</wp:post_modified_gmt>
  <wp:comment_status>open</wp:comment_status>
  <wp:ping_status>open</wp:ping_status>
  <wp:post_name>boiled-moon</wp:post_name>
  <wp:status>publish</wp:status>
  <wp:post_parent>0</wp:post_parent>
  <wp:menu_order>0</wp:menu_order>
  <wp:post_type>post</wp:post_type>
  <wp:post_password/>
  <wp:is_sticky>0</wp:is_sticky>
  <category domain="post_tag" nicename="dark-poetry"><![CDATA[Dark Poetry]]></category>
  <category domain="category" nicename="poetry"><![CDATA[Poetry]]></category>
  <wp:postmeta>
    <wp:meta_key>_rest_api_published</wp:meta_key>
    <wp:meta_value><![CDATA[1]]></wp:meta_value>
  </wp:postmeta>
  <wp:postmeta>
    <wp:meta_key>_rest_api_client_id</wp:meta_key>
    <wp:meta_value><![CDATA[11]]></wp:meta_value>
  </wp:postmeta>
  <wp:postmeta>
    <wp:meta_key>_publicize_job_id</wp:meta_key>
    <wp:meta_value><![CDATA[30918982672]]></wp:meta_value>
  </wp:postmeta>
  <wp:postmeta>
    <wp:meta_key>timeline_notification</wp:meta_key>
    <wp:meta_value><![CDATA[1558137909]]></wp:meta_value>
  </wp:postmeta>
  <wp:postmeta>
    <wp:meta_key>_last_editor_used_jetpack</wp:meta_key>
    <wp:meta_value><![CDATA[block-editor]]></wp:meta_value>
  </wp:postmeta>
  <wp:postmeta>
    <wp:meta_key>wordads_ufa</wp:meta_key>
    <wp:meta_value><![CDATA[s:wpcom-ufa-v3-beta:1685085994]]></wp:meta_value>
  </wp:postmeta>
</item>
<item>
  <title><![CDATA[Crash Site]]></title>
  <link>https://thedarkwarden.wordpress.com/2019/05/17/for-ray-bradbury/</link>
  <pubDate>Sat, 18 May 2019 01:23:33 +0000</pubDate>
  <dc:creator>sparkwarden</dc:creator>
  <guid isPermaLink="false">https://thedarkwarden.wordpress.com/2019/05/17/for-ray-bradbury/</guid>
  <description/>
  <content:encoded><![CDATA[<!-- wp:paragraph -->
<p>Solder-eyed, the machine awoke, stood up on two, four, and six spiked legs which clanked on the steel deck plate. He blinked and choruses of sparks landed on his head and looking about, noticed the ruin of the ship in his midst.</p>
<!-- /wp:paragraph -->

<!-- wp:paragraph -->
<p>While examining the hull the robot noticed rips and gouges, scraped inside out from equipment sucked into space. Also he found his companion, loosed from her shed amidships perhaps to save the humans from damage. However the ship was bleak and its computers refused to recall.</p>
<!-- /wp:paragraph -->

<!-- wp:paragraph -->
<p>So in his wandering he discovered nothing inside, and thus went out and the wind flew up and there, more nothing awaited him. Not until dark could he see a blue winking far away, and above the wind, which only purred now, could he hear the songs.</p>
<!-- /wp:paragraph -->

<!-- wp:paragraph -->
<p>But sadly he did not investigate, because it was not his task. Instead he crept back to the wreck and fitted himself into his "crib". Two buttons on his side would be relevant at this point: one for “sleep” and the other, he pushed and held, the one called “terminate”.</p>
<!-- /wp:paragraph -->]]></content:encoded>
  <excerpt:encoded><![CDATA[]]></excerpt:encoded>
  <wp:post_id>482</wp:post_id>
  <wp:post_date>2019-05-17 17:23:33</wp:post_date>
  <wp:post_date_gmt>2019-05-18 01:23:33</wp:post_date_gmt>
  <wp:post_modified>2022-07-11 08:48:32</wp:post_modified>
  <wp:post_modified_gmt>2022-07-11 15:48:32</wp:post_modified_gmt>
  <wp:comment_status>open</wp:comment_status>
  <wp:ping_status>open</wp:ping_status>
  <wp:post_name>for-ray-bradbury</wp:post_name>
  <wp:status>publish</wp:status>
  <wp:post_parent>0</wp:post_parent>
  <wp:menu_order>0</wp:menu_order>
  <wp:post_type>post</wp:post_type>
  <wp:post_password/>
  <wp:is_sticky>0</wp:is_sticky>
  <category domain="post_tag" nicename="fulgarites"><![CDATA[Fulgarites]]></category>
  <category domain="post_tag" nicename="science-fiction"><![CDATA[Science Fiction]]></category>
  <category domain="category" nicename="short-fiction"><![CDATA[Short Fiction]]></category>
  <category domain="post_tag" nicename="speculative-poetry"><![CDATA[Speculative Poetry]]></category>
  <wp:postmeta>
    <wp:meta_key>timeline_notification</wp:meta_key>
    <wp:meta_value><![CDATA[1558146542]]></wp:meta_value>
  </wp:postmeta>
  <wp:postmeta>
    <wp:meta_key>_rest_api_client_id</wp:meta_key>
    <wp:meta_value><![CDATA[11]]></wp:meta_value>
  </wp:postmeta>
  <wp:postmeta>
    <wp:meta_key>_rest_api_published</wp:meta_key>
    <wp:meta_value><![CDATA[1]]></wp:meta_value>
  </wp:postmeta>
  <wp:postmeta>
    <wp:meta_key>_publicize_job_id</wp:meta_key>
    <wp:meta_value><![CDATA[30921646309]]></wp:meta_value>
  </wp:postmeta>
  <wp:postmeta>
    <wp:meta_key>_last_editor_used_jetpack</wp:meta_key>
    <wp:meta_value><![CDATA[block-editor]]></wp:meta_value>
  </wp:postmeta>
</item>
<item>
  <title><![CDATA[b252fe9a-cf8c-4147-8345-2a965d313fdc]]></title>
  <link>https://thedarkwarden.wordpress.com/2019/05/17/deaths-door/b252fe9a-cf8c-4147-8345-2a965d313fdc/</link>
  <pubDate>Sun, 19 May 2019 09:34:45 +0000</pubDate>
  <dc:creator>sparkwarden</dc:creator>
  <guid isPermaLink="false">http://thedarkwarden.files.wordpress.com/2019/05/b252fe9a-cf8c-4147-8345-2a965d313fdc.jpg</guid>
  <description/>
  <content:encoded><![CDATA[]]></content:encoded>
  <excerpt:encoded><![CDATA[]]></excerpt:encoded>
  <wp:post_id>571</wp:post_id>
  <wp:post_date>2019-05-19 02:34:45</wp:post_date>
  <wp:post_date_gmt>2019-05-19 09:34:45</wp:post_date_gmt>
  <wp:post_modified>2019-05-19 02:34:55</wp:post_modified>
  <wp:post_modified_gmt>2019-05-19 09:34:55</wp:post_modified_gmt>
  <wp:comment_status>open</wp:comment_status>
  <wp:ping_status>closed</wp:ping_status>
  <wp:post_name>b252fe9a-cf8c-4147-8345-2a965d313fdc</wp:post_name>
  <wp:status>inherit</wp:status>
  <wp:post_parent>449</wp:post_parent>
  <wp:menu_order>0</wp:menu_order>
  <wp:post_type>attachment</wp:post_type>
  <wp:post_password/>
  <wp:is_sticky>0</wp:is_sticky>
  <wp:attachment_url>https://thedarkwarden.files.wordpress.com/2019/05/b252fe9a-cf8c-4147-8345-2a965d313fdc.jpg</wp:attachment_url>
  <wp:postmeta>
    <wp:meta_key>_wp_attachment_metadata</wp:meta_key>
    <wp:meta_value><![CDATA[a:6:{s:5:"width";i:537;s:6:"height";i:667;s:4:"file";s:113:"/home/wpcom/public_html/wp-content/blogs.dir/f73/161440647/files/2019/05/b252fe9a-cf8c-4147-8345-2a965d313fdc.jpg";s:5:"sizes";a:0:{}s:10:"image_meta";a:12:{s:8:"aperture";s:1:"0";s:6:"credit";s:0:"";s:6:"camera";s:0:"";s:7:"caption";s:0:"";s:17:"created_timestamp";s:10:"1556702269";s:9:"copyright";s:0:"";s:12:"focal_length";s:1:"0";s:3:"iso";s:1:"0";s:13:"shutter_speed";s:1:"0";s:5:"title";s:0:"";s:11:"orientation";s:1:"1";s:8:"keywords";a:0:{}}s:8:"filesize";i:78009;}]]></wp:meta_value>
  </wp:postmeta>
  <wp:postmeta>
    <wp:meta_key>_wp_attached_file</wp:meta_key>
    <wp:meta_value><![CDATA[/home/wpcom/public_html/wp-content/blogs.dir/f73/161440647/files/2019/05/b252fe9a-cf8c-4147-8345-2a965d313fdc.jpg]]></wp:meta_value>
  </wp:postmeta>
  <wp:postmeta>
    <wp:meta_key>_wp_attachment_image_alt</wp:meta_key>
    <wp:meta_value><![CDATA[]]></wp:meta_value>
  </wp:postmeta>
</item>
<item>
  <title><![CDATA[img_1905]]></title>
  <link>https://thedarkwarden.wordpress.com/2019/05/17/what-i-wish-the-world-was-coming-to/img_1905/</link>
  <pubDate>Fri, 03 Jun 2022 05:25:01 +0000</pubDate>
  <dc:creator>sparkwarden</dc:creator>
  <guid isPermaLink="false">http://thedarkwarden.files.wordpress.com/2022/06/img_1905.jpg</guid>
  <description/>
  <content:encoded><![CDATA[]]></content:encoded>
  <excerpt:encoded><![CDATA[]]></excerpt:encoded>
  <wp:post_id>3911</wp:post_id>
  <wp:post_date>2022-06-02 22:25:01</wp:post_date>
  <wp:post_date_gmt>2022-06-03 05:25:01</wp:post_date_gmt>
  <wp:post_modified>2022-06-02 22:25:14</wp:post_modified>
  <wp:post_modified_gmt>2022-06-03 05:25:14</wp:post_modified_gmt>
  <wp:comment_status>open</wp:comment_status>
  <wp:ping_status>closed</wp:ping_status>
  <wp:post_name>img_1905</wp:post_name>
  <wp:status>inherit</wp:status>
  <wp:post_parent>462</wp:post_parent>
  <wp:menu_order>0</wp:menu_order>
  <wp:post_type>attachment</wp:post_type>
  <wp:post_password/>
  <wp:is_sticky>0</wp:is_sticky>
  <wp:attachment_url>https://thedarkwarden.files.wordpress.com/2022/06/img_1905.jpg</wp:attachment_url>
  <wp:postmeta>
    <wp:meta_key>_wp_attachment_image_alt</wp:meta_key>
    <wp:meta_value><![CDATA[]]></wp:meta_value>
  </wp:postmeta>
  <wp:postmeta>
    <wp:meta_key>_wp_attachment_metadata</wp:meta_key>
    <wp:meta_value><![CDATA[a:6:{s:5:"width";i:1938;s:6:"height";i:1152;s:4:"file";s:85:"/home/wpcom/public_html/wp-content/blogs.dir/f73/161440647/files/2022/06/img_1905.jpg";s:8:"filesize";i:709824;s:5:"sizes";a:0:{}s:10:"image_meta";a:12:{s:8:"aperture";s:1:"0";s:6:"credit";s:0:"";s:6:"camera";s:0:"";s:7:"caption";s:0:"";s:17:"created_timestamp";s:1:"0";s:9:"copyright";s:0:"";s:12:"focal_length";s:1:"0";s:3:"iso";s:1:"0";s:13:"shutter_speed";s:1:"0";s:5:"title";s:0:"";s:11:"orientation";s:1:"1";s:8:"keywords";a:0:{}}}]]></wp:meta_value>
  </wp:postmeta>
  <wp:postmeta>
    <wp:meta_key>_wp_attached_file</wp:meta_key>
    <wp:meta_value><![CDATA[/home/wpcom/public_html/wp-content/blogs.dir/f73/161440647/files/2022/06/img_1905.jpg]]></wp:meta_value>
  </wp:postmeta>
</item>
<item>
  <title><![CDATA[img_0819-1]]></title>
  <link>https://thedarkwarden.wordpress.com/2019/05/17/what-i-wish-the-world-was-coming-to/img_0819-1/</link>
  <pubDate>Sat, 16 Mar 2024 06:19:13 +0000</pubDate>
  <dc:creator>sparkwarden</dc:creator>
  <guid isPermaLink="false">http://thedarkwarden.files.wordpress.com/2024/03/img_0819-1.jpg</guid>
  <description/>
  <content:encoded><![CDATA[]]></content:encoded>
  <excerpt:encoded><![CDATA[]]></excerpt:encoded>
  <wp:post_id>5306</wp:post_id>
  <wp:post_date>2024-03-15 23:19:13</wp:post_date>
  <wp:post_date_gmt>2024-03-16 06:19:13</wp:post_date_gmt>
  <wp:post_modified>2024-03-15 23:19:22</wp:post_modified>
  <wp:post_modified_gmt>2024-03-16 06:19:22</wp:post_modified_gmt>
  <wp:comment_status>open</wp:comment_status>
  <wp:ping_status>closed</wp:ping_status>
  <wp:post_name>img_0819-1</wp:post_name>
  <wp:status>inherit</wp:status>
  <wp:post_parent>462</wp:post_parent>
  <wp:menu_order>0</wp:menu_order>
  <wp:post_type>attachment</wp:post_type>
  <wp:post_password/>
  <wp:is_sticky>0</wp:is_sticky>
  <wp:attachment_url>https://thedarkwarden.files.wordpress.com/2024/03/img_0819-1.jpg</wp:attachment_url>
  <wp:postmeta>
    <wp:meta_key>_wp_attached_file</wp:meta_key>
    <wp:meta_value><![CDATA[/home/wpcom/public_html/wp-content/blogs.dir/f73/161440647/files/2024/03/img_0819-1.jpg]]></wp:meta_value>
  </wp:postmeta>
  <wp:postmeta>
    <wp:meta_key>_wp_attachment_metadata</wp:meta_key>
    <wp:meta_value><![CDATA[a:6:{s:5:"width";i:1938;s:6:"height";i:1152;s:4:"file";s:87:"/home/wpcom/public_html/wp-content/blogs.dir/f73/161440647/files/2024/03/img_0819-1.jpg";s:8:"filesize";i:621965;s:5:"sizes";a:0:{}s:10:"image_meta";a:12:{s:8:"aperture";s:1:"0";s:6:"credit";s:0:"";s:6:"camera";s:0:"";s:7:"caption";s:0:"";s:17:"created_timestamp";s:1:"0";s:9:"copyright";s:0:"";s:12:"focal_length";s:1:"0";s:3:"iso";s:1:"0";s:13:"shutter_speed";s:1:"0";s:5:"title";s:0:"";s:11:"orientation";s:1:"1";s:8:"keywords";a:0:{}}}]]></wp:meta_value>
  </wp:postmeta>
</item>
<item>
  <title><![CDATA[img_0818-1]]></title>
  <link>https://thedarkwarden.wordpress.com/2019/05/17/deaths-door/img_0818-1/</link>
  <pubDate>Sat, 16 Mar 2024 06:19:41 +0000</pubDate>
  <dc:creator>sparkwarden</dc:creator>
  <guid isPermaLink="false">http://thedarkwarden.files.wordpress.com/2024/03/img_0818-1.jpg</guid>
  <description/>
  <content:encoded><![CDATA[]]></content:encoded>
  <excerpt:encoded><![CDATA[]]></excerpt:encoded>
  <wp:post_id>5307</wp:post_id>
  <wp:post_date>2024-03-15 23:19:41</wp:post_date>
  <wp:post_date_gmt>2024-03-16 06:19:41</wp:post_date_gmt>
  <wp:post_modified>2024-03-15 23:19:49</wp:post_modified>
  <wp:post_modified_gmt>2024-03-16 06:19:49</wp:post_modified_gmt>
  <wp:comment_status>open</wp:comment_status>
  <wp:ping_status>closed</wp:ping_status>
  <wp:post_name>img_0818-1</wp:post_name>
  <wp:status>inherit</wp:status>
  <wp:post_parent>449</wp:post_parent>
  <wp:menu_order>0</wp:menu_order>
  <wp:post_type>attachment</wp:post_type>
  <wp:post_password/>
  <wp:is_sticky>0</wp:is_sticky>
  <wp:attachment_url>https://thedarkwarden.files.wordpress.com/2024/03/img_0818-1.jpg</wp:attachment_url>
  <wp:postmeta>
    <wp:meta_key>_wp_attached_file</wp:meta_key>
    <wp:meta_value><![CDATA[/home/wpcom/public_html/wp-content/blogs.dir/f73/161440647/files/2024/03/img_0818-1.jpg]]></wp:meta_value>
  </wp:postmeta>
  <wp:postmeta>
    <wp:meta_key>_wp_attachment_metadata</wp:meta_key>
    <wp:meta_value><![CDATA[a:6:{s:5:"width";i:2000;s:6:"height";i:1435;s:4:"file";s:87:"/home/wpcom/public_html/wp-content/blogs.dir/f73/161440647/files/2024/03/img_0818-1.jpg";s:8:"filesize";i:635075;s:5:"sizes";a:0:{}s:10:"image_meta";a:12:{s:8:"aperture";s:1:"0";s:6:"credit";s:0:"";s:6:"camera";s:0:"";s:7:"caption";s:0:"";s:17:"created_timestamp";s:1:"0";s:9:"copyright";s:0:"";s:12:"focal_length";s:1:"0";s:3:"iso";s:1:"0";s:13:"shutter_speed";s:1:"0";s:5:"title";s:0:"";s:11:"orientation";s:1:"1";s:8:"keywords";a:0:{}}}]]></wp:meta_value>
  </wp:postmeta>
</item>
<item>
  <title><![CDATA[Screenshot]]></title>
  <link>https://thedarkwarden.wordpress.com/2019/04/25/strange-attractor/screenshot-13/</link>
  <pubDate>Sun, 17 Mar 2024 05:24:45 +0000</pubDate>
  <dc:creator>sparkwarden</dc:creator>
  <guid isPermaLink="false">http://thedarkwarden.files.wordpress.com/2019/04/strange-attractor-1.jpg</guid>
  <description/>
  <content:encoded><![CDATA[]]></content:encoded>
  <excerpt:encoded><![CDATA[Digital art by Gary D. Smith]]></excerpt:encoded>
  <wp:post_id>5312</wp:post_id>
  <wp:post_date>2024-03-16 22:24:45</wp:post_date>
  <wp:post_date_gmt>2024-03-17 05:24:45</wp:post_date_gmt>
  <wp:post_modified>2024-03-19 03:25:56</wp:post_modified>
  <wp:post_modified_gmt>2024-03-19 10:25:56</wp:post_modified_gmt>
  <wp:comment_status>open</wp:comment_status>
  <wp:ping_status>closed</wp:ping_status>
  <wp:post_name>screenshot-13</wp:post_name>
  <wp:status>inherit</wp:status>
  <wp:post_parent>76</wp:post_parent>
  <wp:menu_order>0</wp:menu_order>
  <wp:post_type>attachment</wp:post_type>
  <wp:post_password/>
  <wp:is_sticky>0</wp:is_sticky>
  <wp:attachment_url>https://thedarkwarden.files.wordpress.com/2019/04/strange-attractor-1.jpg</wp:attachment_url>
  <wp:postmeta>
    <wp:meta_key>_wp_attached_file</wp:meta_key>
    <wp:meta_value><![CDATA[/home/wpcom/public_html/wp-content/blogs.dir/f73/161440647/files/2019/04/strange-attractor-1.jpg]]></wp:meta_value>
  </wp:postmeta>
  <wp:postmeta>
    <wp:meta_key>_wp_attachment_metadata</wp:meta_key>
    <wp:meta_value><![CDATA[a:6:{s:5:"width";i:1536;s:6:"height";i:1070;s:4:"file";s:96:"/home/wpcom/public_html/wp-content/blogs.dir/f73/161440647/files/2019/04/strange-attractor-1.jpg";s:8:"filesize";i:191283;s:5:"sizes";a:0:{}s:10:"image_meta";a:12:{s:8:"aperture";s:1:"0";s:6:"credit";s:0:"";s:6:"camera";s:0:"";s:7:"caption";s:10:"Screenshot";s:17:"created_timestamp";s:10:"1654219663";s:9:"copyright";s:0:"";s:12:"focal_length";s:1:"0";s:3:"iso";s:1:"0";s:13:"shutter_speed";s:1:"0";s:5:"title";s:10:"Screenshot";s:11:"orientation";s:1:"1";s:8:"keywords";a:0:{}}}]]></wp:meta_value>
  </wp:postmeta>
  <wp:postmeta>
    <wp:meta_key>_wp_attachment_image_alt</wp:meta_key>
    <wp:meta_value><![CDATA[]]></wp:meta_value>
  </wp:postmeta>
</item>
  </channel>
</rss>
